0.67464530467987060546875000000000000,
-0.21044659614562988281250000000000000,
-0.17403355240821838378906250000000000,
0.99544942378997802734375000000000000,
0.16701446473598480224609375000000000,
-0.13994430005550384521484375000000000,
0.12232294678688049316406250000000000,
0.49932524561882019042968750000000000,
0.15341295301914215087890625000000000,
0.07137843966484069824218750000000000,
1.09605383872985839843750000000000000,
-0.13952331244945526123046875000000000,
0.28535932302474975585937500000000000,
1.28456819057464599609375000000000000,
-0.66182017326354980468750000000000000,
-0.03832795843482017517089843750000000,
0.16341175138950347900390625000000000,
0.19720669090747833251953125000000000,
0.09271840006113052368164062500000000,
0.06081446260213851928710937500000000,
