0.02508540824055671691894531250000000,
-0.16085770726203918457031250000000000,
-0.29288011789321899414062500000000000,
0.01443071570247411727905273437500000,
-0.05555612221360206604003906250000000,
0.16530174016952514648437500000000000,
-0.06438755989074707031250000000000000,
0.06857139617204666137695312500000000,
-0.03393998369574546813964843750000000,
0.07974683493375778198242187500000000,
-0.17401301860809326171875000000000000,
-0.21217666566371917724609375000000000,
0.09448122978210449218750000000000000,
-0.01601701229810714721679687500000000,
-0.00956201553344726562500000000000000,
-0.05285394564270973205566406250000000,
-0.04664027690887451171875000000000000,
-0.02298575267195701599121093750000000,
0.06398805230855941772460937500000000,
0.08459641039371490478515625000000000,
