0.00000000000000000000000000000000000,
-0.54004442691802978515625000000000000,
-0.50102329254150390625000000000000000,
-3.20231604576110839843750000000000000,
3.70422792434692382812500000000000000,
-0.71383374929428100585937500000000000,
-0.69391983747482299804687500000000000,
-0.47651901841163635253906250000000000,
11.42994976043701171875000000000000000,
-0.57986688613891601562500000000000000,
-0.70689719915390014648437500000000000,
-0.36805698275566101074218750000000000,
-3.38128113746643066406250000000000000,
-2.28799343109130859375000000000000000,
-0.70402872562408447265625000000000000,
8.57980728149414062500000000000000000,
-1.02352035045623779296875000000000000,
6.86213779449462890625000000000000000,
-1.24045717716217041015625000000000000,
-0.73059588670730590820312500000000000,
-0.00941558461636304855346679687500000,
