-0.08942088484764099121093750000000000,
0.05998196452856063842773437500000000,
-0.41946282982826232910156250000000000,
0.46131792664527893066406250000000000,
-0.48169749975204467773437500000000000,
-0.11428325623273849487304687500000000,
-0.20583026111125946044921875000000000,
1.22015500068664550781250000000000000,
0.28564921021461486816406250000000000,
0.34153410792350769042968750000000000,
-0.70387166738510131835937500000000000,
-0.02689393423497676849365234375000000,
0.77352249622344970703125000000000000,
0.03133728727698326110839843750000000,
-0.56695568561553955078125000000000000,
0.45658409595489501953125000000000000,
0.12724658846855163574218750000000000,
0.47000309824943542480468750000000000,
-0.02672863006591796875000000000000000,
1.29330313205718994140625000000000000,
0.56305003166198730468750000000000000,
-0.08970139920711517333984375000000000,
0.93412047624588012695312500000000000,
-1.89615821838378906250000000000000000,
0.40928864479064941406250000000000000,
-0.12170885503292083740234375000000000,
0.11447809636592864990234375000000000,
0.81044173240661621093750000000000000,
0.24152299761772155761718750000000000,
1.50529372692108154296875000000000000,
