epoch,train_loss,test_loss,learning_rate
0,0.08680904669314624,0.0872783469506346,0.01
1,0.029380510672181843,0.029487699799882337,0.01
2,0.013339674392528832,0.013445372309404822,0.01
3,0.006848290258739144,0.006770250456669508,0.01
4,0.008250338177767116,0.00821785783817688,0.01
5,0.002486518517357763,0.0025465780526575167,0.01
6,0.002682312432769686,0.002709869218182366,0.01
7,0.01591703416723758,0.016055864242527383,0.01
8,0.0030139407268259676,0.0029020165344298527,0.01
9,0.004232547158305533,0.004092321840870662,0.01
10,0.003944420142122544,0.003979195221386755,0.005
11,0.0004632594029128086,0.00046548197939865496,0.005
12,0.0005368104843291804,0.0005411031337870737,0.005
13,0.000782205939819687,0.0007929390245849957,0.005
14,0.00041646621288527966,0.0004201041899479966,0.005
15,0.0013593547818047226,0.0014111116678121472,0.005
16,0.00021059702407073927,0.00021584634390174628,0.005
17,0.0005991353689110837,0.0006060754814430307,0.005
18,0.0005484541116806213,0.0005729167604123052,0.005
19,0.00018648408527951687,0.00018775240348364871,0.005
20,0.0004337894755663001,0.0004335303374115354,0.005
21,0.00017880016708440963,0.00018132066342253656,0.005
22,0.0003943805406728643,0.00041433254916980767,0.005
23,0.003486704411008395,0.003756746414772863,0.005
24,0.0005393186661007348,0.0005638421489289938,0.005
25,0.0007059763977435068,0.0007532728080472801,0.005
26,0.0008823631115548778,0.0009435326329474456,0.0025
27,0.00020983059513237094,0.00022688927833260908,0.0025
28,0.00021990506943839137,0.00022309990000472918,0.0025
29,0.00018658492827380543,0.00020373037898589071,0.0025
30,0.00020608795881926198,0.00022282345580664604,0.0025
31,0.00024522343187709337,0.00024590478178739293,0.0025
32,0.00018187614798880532,0.00019611561577776433,0.0025
33,0.000284155298130645,0.00031063268365157684,0.0025
34,0.0001996604745305376,0.00020591944710689244,0.0025
35,0.00019817428591195494,0.00019426270225671115,0.0025
36,0.00015400966183078707,0.0001650565989870993,0.0025
37,0.0001518761948806059,0.0001638375991237939,0.0025
38,0.00010483007238872233,0.00011213362039490483,0.0025
39,0.00013111038958959397,0.00014153274696291655,0.0025
40,0.0001234967262389546,0.00013323201185234409,0.0025
41,0.00013609674503604766,0.00014729037536254238,0.0025
42,0.000147122566656617,0.00015956274758743198,0.0025
43,0.00018179134316378623,0.00019598747627306047,0.00125
44,6.893282803757756e-05,7.259643165636048e-05,0.00125
45,7.985738691859297e-05,8.386645806339062e-05,0.00125
46,8.783545721089468e-05,9.100026481131393e-05,0.00125
47,9.798851033119718e-05,0.00010081950201598642,0.00125
48,9.462147272643051e-05,9.723339102341803e-05,0.00125
49,8.940808204788481e-05,9.180912666734845e-05,0.00125
50,8.315135599623317e-05,8.532265613825185e-05,0.00125
51,7.721010804161778e-05,7.913875911929146e-05,0.00125
52,7.294448818502132e-05,7.467163121504427e-05,0.00125
53,7.49768623529235e-05,7.667595596699313e-05,0.00125
54,0.00010794167149142596,0.00010984386928100957,0.00125
55,0.0001125759591748647,0.0001142713905390413,0.00125
56,5.136863443040056e-05,5.2458341843403944e-05,0.00125
57,9.014438991653151e-05,9.207415912449494e-05,0.00125
58,5.533815424787463e-05,5.5958124854157085e-05,0.00125
59,5.74330921524961e-05,5.8987140366338943e-05,0.00125
60,5.8571257143194086e-05,5.913337178373212e-05,0.00125
61,5.366453878814354e-05,5.5009135679119064e-05,0.000625
62,4.887758685072185e-05,4.940056716148279e-05,0.000625
63,4.571913467916602e-05,4.594662339269807e-05,0.000625
64,4.105208069449873e-05,4.1138813043225774e-05,0.000625
65,3.537886774465733e-05,3.540442012366746e-05,0.000625
66,3.00002198004222e-05,2.999945354531519e-05,0.000625
67,2.622461561768432e-05,2.6216131647260816e-05,0.000625
68,2.4157803209709528e-05,2.4132755591732877e-05,0.000625
69,2.3218842229471194e-05,2.3164341818222727e-05,0.000625
70,2.2781606464923244e-05,2.271421196903143e-05,0.000625
71,2.2634492182442047e-05,2.2574221995350838e-05,0.000625
72,2.294102004980232e-05,2.288652192368399e-05,0.000625
73,2.3863541266837274e-05,2.3801040441730803e-05,0.000625
74,2.548551424406469e-05,2.5404236669981884e-05,0.000625
75,2.2800905437725306e-05,2.2786582287252373e-05,0.000625
76,2.9512771376539603e-05,2.9373621584844036e-05,0.0003125
77,6.252360081816732e-05,6.247953511286377e-05,0.0003125
78,6.411354516058054e-05,6.397025515125918e-05,0.0003125
79,6.333684820456255e-05,6.312773583691471e-05,0.0003125
80,6.18868596640823e-05,6.163799737866695e-05,0.0003125
81,5.997142460328177e-05,5.9697784654592116e-05,0.0003125
82,5.762261857889825e-05,5.73350578738442e-05,0.0003125
83,5.504491334359045e-05,5.4751136513033955e-05,0.0003125
84,5.221689336503914e-05,5.192237636285031e-05,0.0003125
85,4.9254893828401694e-05,4.896377533685491e-05,0.0003125
86,4.6236374843647355e-05,4.595202500086699e-05,0.0003125
87,4.330886323550658e-05,4.303283613450757e-05,0.0003125
88,4.0420015018753476e-05,4.015408996954752e-05,0.0003125
89,3.7628144301925206e-05,3.737372277716819e-05,0.0003125
90,3.503585702819692e-05,3.4793697889250245e-05,0.0003125
91,3.267895268218126e-05,3.244961964066632e-05,0.0003125
92,3.0430948397770407e-05,3.02147004833224e-05,0.0003125
93,2.8424813170568087e-05,2.822160932176654e-05,0.0003125
94,2.6562111016028212e-05,2.6371966263753257e-05,0.0003125
95,2.4899870798435587e-05,2.4722359277814376e-05,0.0003125
96,2.3385931011762297e-05,2.3221049970813217e-05,0.0003125
97,2.2031995423094487e-05,2.1878953303442245e-05,0.0003125
98,2.079789945983066e-05,2.065671442294889e-05,0.0003125
99,1.9659522845904575e-05,1.952970867165777e-05,0.0003125
100,1.8615968624908418e-05,1.8497247213391572e-05,0.0003125
101,1.7684229879705527e-05,1.75760662543802e-05,0.0003125
102,1.678268793530151e-05,1.6684812924623997e-05,0.0003125
epoch,train_loss,test_loss,learning_rate
0,0.005846776136849075,0.0059088197181197686,0.01
1,0.004232704857550561,0.004238536045812189,0.01
2,0.0029685967065161095,0.003046011798248921,0.01
3,0.003325910104298964,0.0033346600893783733,0.01
4,0.0038849650907795876,0.003945159104901155,0.01
5,0.008563175036292524,0.008880482750949256,0.01
6,0.001203139586467296,0.00126037545990907,0.01
7,0.006372887606732548,0.006287789058547241,0.01
8,0.0061885173510992895,0.006513885871214144,0.01
9,0.006306632601842284,0.0065503865703583335,0.01
10,0.0028598343567573467,0.003107109773954668,0.01
11,0.0016226696413592435,0.001729598162028516,0.005
12,0.00034085503246460575,0.00034401807942414307,0.005
13,0.0018455322954105213,0.001891546398245048,0.005
14,0.004748292476986535,0.004786335954854723,0.005
15,0.0007780543187865987,0.0007948351321654906,0.005
16,0.0015094209900475108,0.0015387346620482508,0.005
17,0.0006019803710631095,0.0006153609281641612,0.005
18,0.0003746833345561754,0.00041955922075756307,0.005
19,0.00030508398008241783,0.0003373127677502072,0.005
20,0.00021079061405471293,0.00026276704271605906,0.005
21,0.0002630922331562033,0.0002858269819841027,0.005
22,0.0007727675965696107,0.0007954599177159857,0.005
23,0.0010619319842371624,0.0010803129169539498,0.005
24,0.00020588245883845958,0.00023791362825915376,0.005
25,0.0002640323303028708,0.00027011411379652316,0.005
26,0.0007320002017600928,0.0007651017217438656,0.005
27,0.00021836330041114706,0.0002375669844248466,0.005
28,0.00024514835709123873,0.0002643315122182371,0.005
29,0.0002764571504318155,0.000301329694492032,0.0025
30,0.000528918259148486,0.0005388695737082934,0.0025
31,0.0002788725531208911,0.00028645214114223606,0.0025
32,0.00022951227822195504,0.0002368062398422096,0.0025
33,0.00027437460524961353,0.0002778229310771245,0.0025
34,0.000277451273825136,0.00028187895101688867,0.0025
35,0.0003161721631739056,0.00031896831331340917,0.0025
36,0.0003868419063204783,0.00038849790223049205,0.0025
37,0.0005542258819376002,0.0005530093277424437,0.0025
38,0.0003767574292753125,0.0003784236785217066,0.0025
39,0.000316181702526228,0.0003187769196086791,0.0025
40,0.0001894755428773351,0.00019560667611824085,0.0025
41,0.00016403573430579855,0.0001478715416633698,0.0025
42,0.000164674531910714,0.00017051353123637448,0.0025
43,4.608691656030714e-05,5.355180641949607e-05,0.0025
44,0.0002292770140353241,0.00023276835400639059,0.0025
45,4.28946966323565e-05,4.97650259658897e-05,0.0025
46,0.00011932027552320506,0.00012494605988949,0.0025
47,8.413268035146757e-05,9.019629650750381e-05,0.0025
48,4.147512930321682e-05,4.8020775079821645e-05,0.0025
49,4.289881721415441e-05,4.936180710083077e-05,0.0025
50,3.882631950145878e-05,4.456237760846583e-05,0.0025
51,3.9876528493186926e-05,4.597439733849944e-05,0.0025
52,3.983242290123598e-05,4.59872985905817e-05,0.0025
53,4.54148626056849e-05,4.787139561940944e-05,0.0025
54,4.208717103174422e-05,4.741546224675159e-05,0.0025
55,4.525107023691817e-05,5.033304049969486e-05,0.00125
56,5.1069065491537915e-05,5.179073186606145e-05,0.00125
57,3.990646063175518e-05,4.09528913438791e-05,0.00125
58,4.0354038355872034e-05,4.122948615196028e-05,0.00125
59,4.249802176382218e-05,4.339209525309802e-05,0.00125
60,4.622210088746215e-05,4.7054963911119766e-05,0.00125
61,5.0035483905958243e-05,5.083981416417013e-05,0.00125
62,5.142848941213743e-05,5.222015191068927e-05,0.00125
63,5.245552259548276e-05,5.322357731328841e-05,0.00125
64,5.410322865900525e-05,5.4801650392142655e-05,0.00125
65,6.28218771515094e-05,6.323533533942535e-05,0.00125
66,0.00017198544127022616,0.00017078203980551703,0.000625
67,2.879697562311776e-05,2.971477481707099e-05,0.000625
68,2.5962020915176254e-05,2.68541154129341e-05,0.000625
69,2.47857566077073e-05,2.564921554478522e-05,0.000625
70,2.413061088991526e-05,2.4972628555445635e-05,0.000625
71,2.369656526389008e-05,2.4523537395695505e-05,0.000625
72,2.339345387626963e-05,2.421047847805219e-05,0.000625
73,2.317500567914976e-05,2.398526599447908e-05,0.000625
74,2.3037374430714407e-05,2.384304183979925e-05,0.000625
75,2.2974852328479754e-05,2.3778578874822624e-05,0.000625
76,2.2989080790648585e-05,2.3793770318830232e-05,0.000625
77,2.3115092857187845e-05,2.39233910998299e-05,0.000625
78,2.3363669865284464e-05,2.4180178984599083e-05,0.000625
79,2.373777631073608e-05,2.456771123954136e-05,0.000625
80,2.425265319488972e-05,2.509907225933344e-05,0.0003125
81,1.4030705435015989e-05,1.48251873428418e-05,0.0003125
82,1.3891859340765222e-05,1.4618242493308146e-05,0.0003125
83,1.3642305562461842e-05,1.436040517950541e-05,0.0003125
84,1.3333099143983417e-05,1.4054167495371261e-05,0.0003125
85,1.2988552162914858e-05,1.3715637266204358e-05,0.0003125
86,1.2624501544087252e-05,1.3355958901066594e-05,0.0003125
87,1.2261008388577466e-05,1.2992802238094476e-05,0.0003125
88,1.1905635733819509e-05,1.2633561897809168e-05,0.0003125
89,1.1574969213961595e-05,1.2294160693075126e-05,0.0003125
90,1.1277075675025117e-05,1.1982996982234804e-05,0.0003125
91,1.1026389636208478e-05,1.171503940270758e-05,0.0003125
92,1.0837914786770853e-05,1.1505716356013248e-05,0.0003125
93,1.073210722533986e-05,1.1376491622908094e-05,0.0003125
94,1.0719867504576541e-05,1.1339148143113666e-05,0.0003125
95,1.0801294997418155e-05,1.1395580144200646e-05,0.0003125
96,1.096394602654982e-05,1.153441345201272e-05,0.0003125
97,1.1174259011477261e-05,1.1723064422918592e-05,0.0003125
98,1.139213169917639e-05,1.192244439989852e-05,0.0003125
99,1.1592398901939304e-05,1.2107137908737432e-05,0.00015625
epoch,train_loss,test_loss,learning_rate
0,0.5831909613418579,0.5817587893009186,0.001
1,0.7876311351490021,0.7892144918441772,0.001
2,0.5256619032144546,0.5260007342576981,0.001
3,0.39639455255031586,0.3951100645542145,0.001
4,0.5192088204860688,0.5209236633062363,0.001
5,0.3521589502334595,0.35048028838634493,0.001
6,0.49803668276786806,0.4990195592880249,0.001
7,0.566725897307396,0.5704165021181107,0.001
epoch,train_loss,test_loss,learning_rate
epoch,train_loss,test_loss,learning_rate
0,0.30793064108371737,0.3057210302233696,0.001
1,0.3118295128774643,0.3095812618136406,0.001
2,0.28654046981096265,0.2827953651309013,0.001
3,0.3060471405911446,0.3027575596690178,0.001
4,0.3016760063910484,0.2981797061085701,0.001
5,0.33637422463417055,0.33376594783067703,0.001
6,0.3063768302154541,0.3023589174747467,0.001
7,0.2824006265163422,0.2776398448944092,0.001
8,0.2675644323205948,0.26149860881567,0.001
9,0.24995320638656615,0.24406413350105285,0.001
10,0.2372083163189888,0.23128522943258287,0.001
11,0.24939490653514862,0.2432673563838005,0.001
12,0.23876277945041657,0.23276257556676866,0.001
epoch,train_loss,test_loss,learning_rate
0,4.390582989845276,4.296023456001282,0.001
1,0.5856146627545357,0.5675408525466918,0.001
2,0.37227212859392167,0.37026077010631564,0.001
3,0.30794415001153946,0.31658122451305387,0.001
4,0.2735112215542793,0.2864552322626114,0.001
5,0.24662032730698585,0.25747888783216477,0.001
6,0.23474574939370155,0.24489929477572442,0.001
7,0.2278322150206566,0.2376498504638672,0.001
8,0.22261766836643218,0.23194799078702927,0.001
9,0.21857515518665313,0.22740696706175803,0.001
10,0.21534639389038085,0.22358889704346657,0.001
11,0.21276896477341653,0.22034268888235092,0.001
12,0.21074050333499908,0.21757207091450692,0.001
13,0.2089185285294056,0.21487339454889298,0.001
14,0.20727839709281923,0.21240532042384147,0.001
15,0.20569733157873155,0.2100253633916378,0.001
16,0.20424111606359482,0.20769138883948327,0.001
17,0.20297438811302185,0.20561517174243926,0.001
18,0.20193888206601143,0.20388841097950935,0.001
19,0.2010926567542553,0.2024461977660656,0.001
20,0.20030439401865005,0.20109242909550668,0.001
21,0.19965800961852073,0.1998920656979084,0.001
22,0.19916560104489325,0.1988036971986294,0.001
23,0.1988368192255497,0.19784398301243783,0.001
24,0.19866751896858215,0.1971772185087204,0.001
25,0.1986371737384796,0.1968597903251648,0.001
26,0.1987169713830948,0.19697921441197394,0.001
27,0.19834594348073006,0.19666189683675767,0.001
28,0.197945460190773,0.19615409332513808,0.001
29,0.19762712344408034,0.19570516771674157,0.001
30,0.1973963232791424,0.19534783251285553,0.001
31,0.19721617123246193,0.19505168270468712,0.001
32,0.19707395905256272,0.19480835288167,0.001
33,0.19695110976219177,0.1945988617002964,0.001
34,0.19683101462244987,0.19440796226263046,0.001
35,0.19671444034457206,0.19423554290533065,0.001
36,0.19660782024025916,0.19408421258330344,0.001
37,0.19651127007365227,0.1939478562295437,0.001
38,0.19640620623230934,0.19381202402710915,0.001
39,0.19628409938573838,0.19366665675640107,0.001
40,0.1961539566195011,0.19351777485013008,0.001
41,0.19602472650051117,0.19336858020424844,0.001
42,0.19590140716671944,0.19321792703270912,0.001
43,0.19579370472192764,0.1930707368016243,0.001
44,0.19570793447732926,0.19292757102251054,0.001
45,0.19565183287501337,0.19279205722808837,0.001
46,0.195619464533329,0.1926509374976158,0.001
47,0.19556346475005149,0.19246576834321022,0.001
48,0.1954367477631569,0.1921784290909767,0.001
epoch,train_loss,test_loss,learning_rate
0,28.400527119750976,28.594103895568846,0.1
1,29.1641073236084,29.375342919921874,0.1
2,29.3615497946167,29.577187530517577,0.1
3,29.32982764953613,29.54476220703125,0.1
4,29.32913345123291,29.544052734375,0.1
5,29.329103344726562,29.54402191772461,0.1
6,29.329083238830567,29.544001287841798,0.1
7,29.329103344726562,29.54402191772461,0.1
8,29.329093280944825,29.5440116607666,0.1
9,29.329073218688965,29.543991049194336,0.1
10,29.329123515014647,29.54404250793457,0.05
11,22.598716856689453,22.56026672821045,0.05
12,22.59839681060791,22.55990698852539,0.05
13,22.598386059265138,22.55989495391846,0.05
14,22.59838421936035,22.559892864990235,0.05
15,22.59838421936035,22.559892864990235,0.05
epoch,train_loss,test_loss,learning_rate
epoch,train_loss,test_loss,learning_rate
epoch,train_loss,test_loss,learning_rate
epoch,train_loss,test_loss,learning_rate
epoch,train_loss,test_loss,learning_rate
epoch,train_loss,test_loss,learning_rate
epoch,train_loss,test_loss,learning_rate
epoch,train_loss,test_loss,learning_rate
epoch,train_loss,test_loss,learning_rate
epoch,train_loss,test_loss,learning_rate
epoch,train_loss,test_loss,learning_rate
epoch,train_loss,test_loss,learning_rate
epoch,train_loss,test_loss,learning_rate
epoch,train_loss,test_loss,learning_rate
epoch,train_loss,test_loss,learning_rate
epoch,train_loss,test_loss,learning_rate
epoch,train_loss,test_loss,learning_rate
epoch,train_loss,test_loss,learning_rate
epoch,train_loss,test_loss,learning_rate
epoch,train_loss,test_loss,learning_rate
epoch,train_loss,test_loss,learning_rate
0,6.1072052090644835,6.29743499116014,1e-05
1,3.1726349986076356,3.2851147118467874,1e-05
2,2.1306608632326127,2.194695719514792,1e-05
3,1.2027211243033409,1.229514213130116,1e-05
epoch,train_loss,test_loss,learning_rate
epoch,train_loss,test_loss,learning_rate
0,27.010754778747557,27.16903401184082,0.1
1,26.929567362365724,27.085630157470703,0.1
2,26.92840345001221,27.08443441772461,0.1
3,26.92840345001221,27.08443441772461,0.1
4,26.928427827453614,27.084459573364256,0.1
5,26.92840345001221,27.08443441772461,0.1
6,26.92840345001221,27.08443441772461,0.1
epoch,train_loss,test_loss,learning_rate
0,597.3796211230468,600.09188359375,10
1,600.421398984375,603.1410747070313,10
2,604.3649502734374,607.0942057617187,10
epoch,train_loss,test_loss,learning_rate
0,23.293647817687987,23.087959841918945,0.01
1,23.275717561492918,23.071130400085448,0.01
2,23.272313015136717,23.067936096191406,0.01
epoch,train_loss,test_loss,learning_rate
0,22.623088680114748,22.587584184265136,0.01
1,22.62250545196533,22.5869322265625,0.01
2,22.620013782043458,22.584145959472657,0.01
3,22.617767219543456,22.581632456970215,0.01
epoch,train_loss,test_loss,learning_rate
epoch,train_loss,test_loss,learning_rate
epoch,train_loss,test_loss,learning_rate
epoch,train_loss,test_loss,learning_rate
epoch,train_loss,test_loss,learning_rate
0,22.53189075958252,22.39212974395752,0.01
1,22.546970159301758,22.40502343902588,0.01
epoch,train_loss,test_loss,learning_rate
epoch,train_loss,test_loss,learning_rate
0,836.7393916992188,839.98498203125,0.01
1,836.7393916992188,839.98498203125,0.01
2,836.7393916992188,839.98498203125,0.01
3,836.7393916992188,839.98498203125,0.01
4,836.7393916992188,839.98498203125,0.01
5,836.7393916992188,839.98498203125,0.01
epoch,train_loss,test_loss,learning_rate
0,836.7393916992188,839.98498203125,1
1,836.7393916992188,839.98498203125,1
2,836.7393916992188,839.98498203125,1
3,836.7393916992188,839.98498203125,1
epoch,train_loss,test_loss,learning_rate
epoch,train_loss,test_loss,learning_rate
0,24.363557786254884,24.104987307739258,1
1,24.445910394134522,24.183956726074218,1
2,24.449495366363525,24.187395919799805,1
3,24.449605280151367,24.187501277160646,1
4,24.44957230102539,24.187469737243653,1
5,24.449583311920165,24.18748028717041,1
epoch,train_loss,test_loss,learning_rate
0,24.2900385446167,24.358286219787598,1
1,24.365060326538085,24.436450440979005,1
2,24.36619010345459,24.437627027893065,1
3,24.36621704345703,24.437655114746093,1
4,24.366227855529786,24.437666539001466,1
5,24.36621704345703,24.437655114746093,1
6,24.366222429504393,24.437660763549804,1
7,24.36621704345703,24.437655114746093,1
8,24.366222429504393,24.437660763549804,1
9,24.36621704345703,24.437655114746093,1
10,24.366227855529786,24.437666539001466,0.5
11,22.491442008666994,22.437507682800295,0.5
12,22.492877400360108,22.43918978424072,0.5
13,22.492937354888916,22.43925988769531,0.5
14,22.492946427459717,22.439270693969725,0.5
15,22.492942532196047,22.43926607208252,0.5
16,22.492946427459717,22.439270693969725,0.5
17,22.492941194915772,22.43926453552246,0.5
18,22.492942532196047,22.43926607208252,0.5
19,22.492943860473634,22.43926760559082,0.5
20,22.492943860473634,22.43926760559082,0.5
epoch,train_loss,test_loss,learning_rate
0,1.5370370160675049,1.5146253109931946,1
epoch,train_loss,test_loss,learning_rate
0,0.6124151764678956,0.6219289928436279,0.001
1,0.5296994061946869,0.5340558729290962,0.001
2,0.46689223696947096,0.47008523688316345,0.001
3,0.42492532573461533,0.4273412749171257,0.001
4,0.39630527028799056,0.39703879053592683,0.001
5,0.3783441340017319,0.3804671690940857,0.001
6,0.36378969981431963,0.36728105804920197,0.001
7,0.35233528702378275,0.35707503230571747,0.001
8,0.34255692563414575,0.34822884246110913,0.001
9,0.3347669227826595,0.3410404207706451,0.001
epoch,train_loss,test_loss,learning_rate
0,0.8833485041093826,0.8916475201129913,0.001
1,0.39763172764539717,0.4158112133979797,0.001
2,0.31462130728006366,0.3293664836168289,0.001
3,0.27778435492753983,0.28813157039880755,0.001
epoch,train_loss,test_loss,learning_rate
0,0.5307924869441986,0.51354666826725,0.01
1,0.4899538472938538,0.48395767827034,0.01
2,0.37629342965602874,0.3724219997882843,0.01
3,0.39591250248909,0.42909832141399384,0.01
4,0.37244046051979063,0.3691286004781723,0.01
5,0.343665098657608,0.3376584108114243,0.01
epoch,train_loss,test_loss,learning_rate
0,0.2844495088458061,0.2796609154582024,0.01
1,0.24026089356422425,0.22612413297891618,0.01
2,0.2461339740037918,0.23456690601110458,0.01
3,0.22524232029438018,0.21325506598353386,0.01
4,0.2102070458340645,0.19710806168913841,0.01
5,0.1966108139681816,0.19471242795586585,0.01
6,0.18065164313971996,0.1818586847305298,0.01
7,0.19103819892942905,0.18834853882193564,0.01
8,0.19477843744874002,0.19365501406788826,0.01
9,0.17756849247395992,0.17791340685486792,0.01
10,0.17941498228549957,0.18171264799237252,0.01
11,0.17431993160307407,0.17785318642854692,0.01
12,0.17732737602591514,0.17197385538220405,0.01
13,0.17372384268581867,0.1681311716914177,0.01
14,0.192519900303483,0.17321400797069073,0.01
15,0.18856360462903976,0.1707766072690487,0.01
16,0.18343631596922874,0.1693800275027752,0.01
17,0.1824289324527979,0.17178838015794753,0.01
18,0.18426303726136684,0.17026143978834152,0.005
19,0.16675832143843175,0.1615521812736988,0.005
20,0.1652310706681013,0.15986747047901154,0.005
21,0.1640484570300579,0.1583936949133873,0.005
22,0.16339580611228943,0.15720549280643464,0.005
23,0.16281054677188397,0.15616379940509797,0.005
24,0.16206332925975322,0.155408333671093,0.005
25,0.1614437967479229,0.15473381588459015,0.005
26,0.16055758946478366,0.15421908486187458,0.005
27,0.15975397426903248,0.15380737633705138,0.005
28,0.15883702704429625,0.1532001763343811,0.005
29,0.15803632207810878,0.15296968699097632,0.005
30,0.1573786289256811,0.1526914639443159,0.005
31,0.15674545622169972,0.1525119184434414,0.005
32,0.15615336160361767,0.15237175074517728,0.005
33,0.15557353241503238,0.15215135458111764,0.005
34,0.15502302487134934,0.15180921883285045,0.005
35,0.15450315615952015,0.15131871526241303,0.005
36,0.15394600510299206,0.15073105677962303,0.005
37,0.15345369840145112,0.15014808734357357,0.005
38,0.15300322008281947,0.14959483009278773,0.005
39,0.15255679167687894,0.149079341506958,0.005
40,0.15205997148215772,0.14864066812694074,0.005
41,0.15141873101890088,0.14836816852986812,0.005
42,0.15070994165688753,0.14826172788739203,0.005
43,0.15002730130523442,0.14829900441765786,0.005
44,0.1493753441363573,0.14851144630610943,0.005
45,0.14882393672317268,0.14876956843733788,0.005
46,0.14833220697999,0.1490184817492962,0.005
47,0.1478608643105626,0.1492426451653242,0.005
48,0.1474088399887085,0.1494005905210972,0.005
49,0.1469647130250931,0.14948215535283088,0.005
50,0.1465283315551281,0.14952294117808343,0.005
51,0.14611195858091117,0.1495260383605957,0.005
52,0.14574852970153093,0.14939603886306285,0.005
53,0.1454338716700673,0.14913827036619187,0.005
54,0.1451268548321724,0.14885989558398724,0.005
55,0.1448213274779916,0.14858540081679822,0.005
56,0.14452415253192186,0.14829210377335547,0.005
57,0.1442279130679369,0.1479709565550089,0.005
58,0.14394066529214383,0.1477168389827013,0.005
59,0.1436828248822689,0.1474840245515108,0.005
60,0.14344908284813165,0.1472675413042307,0.005
61,0.1432220144918561,0.14711073161363603,0.005
62,0.14300403004437684,0.1469390325576067,0.005
63,0.14280047707915305,0.14671185054779054,0.005
64,0.1426318541511893,0.1464766351133585,0.005
65,0.14250107667386533,0.14617158643007278,0.005
66,0.14231143770605326,0.14599648120403289,0.005
67,0.14214408553898333,0.14568984458446502,0.005
68,0.14198261902868747,0.14552955719530583,0.005
epoch,train_loss,test_loss,learning_rate
0,22.518797498321533,22.381021846008302,0.01
1,22.53711128204346,22.39658199005127,0.01
2,22.537356030578614,22.396790966796875,0.01
3,22.53735912689209,22.396793643188477,0.01
epoch,train_loss,test_loss,learning_rate
0,22.443285768585206,22.319405212402344,0.01
1,22.587557424926757,22.440167387390137,0.01
2,0.479627963180542,0.5096071753501892,0.01
3,0.30589080386161804,0.31518049689531324,0.01
4,0.481950483789444,0.5148041841506958,0.01
5,0.3334671479177475,0.33762729320526125,0.01
6,0.4413553807926178,0.43365987362861635,0.01
7,0.35137668949604034,0.31002419657707214,0.01
8,0.27535143257141115,0.23919536541700362,0.01
9,0.27216619513988494,0.23680645297765732,0.01
10,0.28009460933685304,0.24940505598783494,0.01
11,0.2422768360722065,0.21836543172001838,0.01
12,0.20202617137074472,0.20253942127227784,0.01
13,0.22779516965985297,0.22906753486990927,0.01
14,0.19328077814996242,0.19283228935599328,0.01
15,0.20575357278108597,0.19512430837750436,0.01
16,0.2084629167354107,0.19847153345346452,0.01
17,0.21363511824727058,0.22909842612743378,0.01
18,0.2441221993637085,0.2632064867377281,0.01
19,0.20684796215176582,0.179870714327693,0.005
20,0.18452848957538603,0.20197051597833635,0.005
21,0.17172775857508182,0.18424291984438895,0.005
22,0.17308432725727557,0.1827510385811329,0.005
23,0.17299530120670795,0.1767706717789173,0.005
24,0.1761260815358162,0.18075534788370132,0.005
25,0.17115595758318902,0.1766206357181072,0.005
26,0.17533970718562603,0.18739242215156554,0.005
27,0.17011511947393418,0.18242730950415134,0.005
28,0.1591653614103794,0.1682225637078285,0.005
29,0.15807111046016217,0.17181014231443406,0.005
30,0.160276024081707,0.17390349801182747,0.005
31,0.16260257980316878,0.17486929850280286,0.005
32,0.16773767357826233,0.18007368971407414,0.005
33,0.16353061923325063,0.16998829188644887,0.005
34,0.1623448547154665,0.16867912434339524,0.0025
35,0.1509479259455204,0.160564246571064,0.0025
36,0.15125695923566818,0.1599415627717972,0.0025
37,0.15102461845636367,0.1592962956905365,0.0025
38,0.15060285916805266,0.15876527395844459,0.0025
39,0.15025323232978582,0.15823144865632058,0.0025
40,0.1498937722763419,0.1577367471933365,0.0025
41,0.15000852837562562,0.15762418985962867,0.0025
42,0.15034279523938895,0.15778342850208282,0.0025
43,0.15094396867573262,0.1582419906616211,0.0025
44,0.15147647376298903,0.15851684231758117,0.0025
45,0.15182745982766152,0.15851047059297563,0.00125
46,0.13831107705324888,0.14778257268667222,0.00125
47,0.13806810923576354,0.14696104419231415,0.00125
48,0.13790429249674083,0.14646497876644135,0.00125
49,0.13776404979646206,0.14611399495601654,0.00125
50,0.13762771616190672,0.1458392376869917,0.00125
51,0.1374891780397296,0.14559746294021605,0.00125
52,0.13734039154291153,0.14534286061823368,0.00125
53,0.1371702286580205,0.1450677544772625,0.00125
54,0.13697685758054257,0.1447976956605911,0.00125
55,0.13677107870012523,0.14454774465858936,0.00125
56,0.13655994600743054,0.14432115870118142,0.00125
57,0.1363499157834053,0.14410358890295027,0.00125
epoch,train_loss,test_loss,learning_rate
0,0.3748036813354492,0.37041158360242843,0.01
1,0.47982905620098115,0.4142726012229919,0.01
2,1.0907524042320251,0.9503654291629792,0.01
3,0.4005243152523041,0.3440652703881264,0.01
4,0.27850246833562853,0.3018614632606506,0.01
5,0.6522574970817566,0.7619234706878663,0.01
6,0.8191866244888306,0.9317736382484436,0.01
7,0.6589602061748505,0.7585080409526825,0.01
8,0.520237167468071,0.6043266031265259,0.01
9,0.5015101065921783,0.5645747989654541,0.01
10,0.33610660136699677,0.37451177520751955,0.005
11,0.19601815235733985,0.21158614345788956,0.005
12,0.19007887315511704,0.21035992013216018,0.005
13,0.1825071171718836,0.17710216850638388,0.005
14,0.18150292869091034,0.18754152791500092,0.005
15,0.195283192858696,0.209391305154562,0.005
16,0.18065282207787037,0.18508132748007775,0.005
17,0.18490198525309562,0.1997507557630539,0.005
18,0.2148447618508339,0.20221840176582337,0.005
19,0.18346390212059022,0.1910930620253086,0.005
20,0.17904208129286767,0.17949992649555208,0.005
21,0.18428185411810874,0.18088118855357171,0.005
22,0.17526960625290872,0.17753623130321503,0.005
23,0.18962186662435532,0.18426030483841896,0.005
24,0.20401168933272362,0.1870050815463066,0.005
25,0.18610740640103818,0.16848244498968123,0.005
26,0.17169675875008106,0.17892854831218719,0.005
27,0.18942679662704467,0.18122605575323106,0.005
28,0.21513413695931435,0.2048063449382782,0.005
29,0.20719005217671393,0.1820343473494053,0.005
30,0.21343401050388813,0.18471891319155692,0.005
31,0.1922454889804125,0.16960073083639146,0.0025
32,0.17980347772598265,0.1860530888438225,0.0025
33,0.16345153778851032,0.16450349234342576,0.0025
34,0.16136289201438428,0.16250517404079437,0.0025
35,0.15542746193110943,0.15723686864376069,0.0025
36,0.17374013138055802,0.15208587797284126,0.0025
37,0.16341785811424256,0.17023008489608765,0.0025
38,0.1540580925953388,0.1606335880279541,0.0025
39,0.17910694721519946,0.19297530161142348,0.0025
40,0.17039752523183824,0.18406464861631394,0.0025
41,0.15365236587285996,0.1572939215838909,0.0025
42,0.16644959085702896,0.15153721075057983,0.0025
43,0.15034384739339351,0.16147496742010117,0.0025
44,0.15168711345553398,0.165415403175354,0.0025
45,0.15360524150788785,0.16852105953097343,0.0025
46,0.15636348104715347,0.15489550825953483,0.0025
47,0.1508989580488205,0.15323026135861872,0.0025
48,0.15450594928026198,0.16068555225431919,0.00125
49,0.13763162241399288,0.1493725838124752,0.00125
50,0.13782190074801445,0.1505765918135643,0.00125
51,0.13748244599223136,0.14823683542907237,0.00125
52,0.13805041998505593,0.15151267336010932,0.00125
53,0.13804868617475033,0.14979945085048677,0.00125
54,0.1396141901987791,0.1524866435825825,0.00125
55,0.13839930205762385,0.14580268549621106,0.00125
56,0.13630817347466945,0.14781478606462478,0.00125
57,0.13611890418052675,0.1478773355513811,0.00125
58,0.1359115001386404,0.1495894069135189,0.00125
59,0.13476477171480655,0.14831812462210656,0.00125
60,0.14053513549089433,0.15329784049391745,0.00125
61,0.1356369352132082,0.15041865808069707,0.00125
62,0.13661698101222516,0.13838056424558162,0.00125
63,0.1367750396245718,0.14601123111844064,0.00125
64,0.13518800776094198,0.14660152394771575,0.000625
65,0.13482216806650163,0.14448985495865346,0.000625
66,0.13445825253844262,0.14434624808132648,0.000625
67,0.13534553438305855,0.14534211511015893,0.000625
68,0.13369961217164994,0.14290076393783094,0.000625
69,0.13302812570750713,0.14339514999985695,0.000625
70,0.13353103908449412,0.14444855315685273,0.000625
71,0.13339244805365802,0.14370624830126763,0.000625
72,0.13407533849269151,0.14454807823896407,0.000625
73,0.13368205233991146,0.14368765184879304,0.000625
74,0.13362622574597596,0.14482362158894538,0.000625
75,0.13362691999197007,0.14386204524934293,0.0003125
76,0.12633960751533507,0.13936700825989246,0.0003125
77,0.12632457749754192,0.14076909632086754,0.0003125
78,0.1264308088335395,0.1404564137727022,0.0003125
79,0.12766602955430745,0.14241821360588075,0.0003125
80,0.12694762012541294,0.14159290382266046,0.0003125
81,0.1315252645981312,0.1479051552116871,0.0003125
82,0.12623794929116963,0.14089265594482422,0.0003125
epoch,train_loss,test_loss,learning_rate
0,0.32629691716194154,0.3047745738506317,0.01
1,0.2693744879937172,0.2659262219130993,0.01
2,0.3848187133526802,0.39537864305973053,0.01
3,0.642478064622879,0.7175795321464539,0.01
4,0.7275850535678864,0.8124901745319366,0.01
5,0.6879838325595856,0.7789883337974548,0.01
6,0.3890959242105484,0.4485037804365158,0.01
7,0.3720985716676712,0.4239330348730087,0.01
8,0.3658682806277275,0.4188617162466049,0.01
9,0.3199393361663818,0.36816385312080385,0.01
10,0.3040896908068657,0.3486557901144028,0.005
11,0.1981231439733505,0.19736630010604858,0.005
12,0.18178297132730484,0.183839329880476,0.005
13,0.18134164471924305,0.18603823794126512,0.005
14,0.18476380059838296,0.1975242125749588,0.005
15,0.17811962955713273,0.19140942580103873,0.005
16,0.18590245525956153,0.19510678623914718,0.005
17,0.17076539137661456,0.17877290807366372,0.005
18,0.1737397797459364,0.17921122856736182,0.005
19,0.17380635377287865,0.19128454759716987,0.005
20,0.18592616929411887,0.2015755588054657,0.005
21,0.18666001010417937,0.20191289459466935,0.005
22,0.17247608250498772,0.18410864096283913,0.0025
23,0.17530367405891417,0.17952974886894227,0.0025
24,0.17578135756909846,0.17669095724225045,0.0025
25,0.16918021098315716,0.17163773332834245,0.0025
epoch,train_loss,test_loss,learning_rate
0,1.1947182153892517,1.2097975422859193,0.01
1,1.180881849861145,1.1967876093387604,0.01
2,1.1701506761932372,1.1863783389091491,0.01
3,1.165406893081665,1.1819261709690094,0.01
4,1.1737863852405548,1.1908162158489228,0.01
5,1.1893329379272461,1.2069380758285522,0.01
epoch,train_loss,test_loss,learning_rate
epoch,train_loss,test_loss,learning_rate
0,1.057876870985031,1.071625130367279,0.01
1,1.0516103241157533,1.0643057714939117,0.01
2,1.0458923890781402,1.0567857055664063,0.01
3,1.042054900226593,1.0520495064735413,0.01
4,1.0399176116371154,1.049574747800827,0.01
5,1.0387632684135437,1.0483617534160614,0.01
6,1.0381424402999877,1.0478788640975951,0.01
7,1.037844148645401,1.0476441826820373,0.01
8,1.037746300315857,1.047556049823761,0.01
9,1.0377307604312898,1.0475392066001892,0.01
10,1.0377542483615876,1.047566343164444,0.01
11,1.0377937004947662,1.0476180128097534,0.005
12,1.0337558845996857,1.0428770438194275,0.005
13,1.0335994974327087,1.042665703678131,0.005
14,1.0334510118103026,1.0424694700241088,0.005
15,1.0333122620868682,1.0422881974220275,0.005
16,1.0331825308609008,1.0421208014488221,0.005
17,1.0330609476280213,1.0419660026073456,0.005
18,1.0329466939258576,1.0418225876808167,0.005
19,1.0328390000724792,1.0416893525123596,0.005
20,1.0327371938991547,1.0415652822971344,0.005
21,1.0326406682300568,1.0414494381427766,0.005
22,1.0325489039707183,1.0413409989356994,0.0025
23,1.0291142022800446,1.036015886926651,0.0025
24,1.0290934626865387,1.0359922707080842,0.0025
epoch,train_loss,test_loss,learning_rate
0,1.0480781541442872,1.0578893967151641,0.01
1,1.055670765953064,1.0677499022960664,0.01
2,1.0495498257350921,1.0613372996807098,0.01
3,1.0405954807376863,1.0513629967689515,0.01
4,1.0366225414180756,1.0462560209274292,0.01
5,1.0351186615657806,1.0446408396720885,0.01
6,1.0351383478164673,1.0453693590641022,0.01
7,1.0356459384536743,1.0461093955039977,0.01
8,1.0359280459594726,1.0466293171405792,0.01
9,1.036514434185028,1.0473948816776275,0.01
10,1.0371652313137054,1.0481620619297027,0.005
11,1.0388394204425813,1.0501809870243073,0.005
12,1.0387743610095979,1.0501396921157837,0.005
13,1.0387098770046235,1.050092770910263,0.005
epoch,train_loss,test_loss,learning_rate
0,2.553572357635498,2.569544711303711,1
1,2.553572357635498,2.569544711303711,1
2,2.553572357635498,2.569544711303711,1
3,2.553572357635498,2.569544711303711,1
4,2.553572357635498,2.569544711303711,1
epoch,train_loss,test_loss,learning_rate
0,2.2116366778755188,2.222259277439117,1
1,2.1158383923530577,2.1284803317070007,1
2,2.553572357635498,2.569544711303711,1
epoch,train_loss,test_loss,learning_rate
0,1.6723373747253418,1.6607373022079468,1
1,2.553572357635498,2.569544711303711,1
2,2.553572357635498,2.569544711303711,1
3,2.553572357635498,2.569544711303711,1
4,2.553572357635498,2.569544711303711,1
epoch,train_loss,test_loss,learning_rate
0,2.553572357635498,2.569544711303711,0.001
1,2.553572357635498,2.569544711303711,0.001
2,2.553572357635498,2.569544711303711,0.001
epoch,train_loss,test_loss,learning_rate
0,1.2404592786598205,1.2516928627967834,0.001
1,1.1725393045043946,1.1864791617870332,0.001
2,1.1215935631656646,1.1344195600509643,0.001
3,1.110798361082077,1.123114014530182,0.001
4,1.0942284199047088,1.1056911695480347,0.001
5,1.0830679767894744,1.0936460117816924,0.001
6,1.0873959628200531,1.09817490067482,0.001
epoch,train_loss,test_loss,learning_rate
0,2.553572357635498,2.569544711303711,1
1,2.553572357635498,2.569544711303711,1
2,2.553572357635498,2.569544711303711,1
3,2.553572357635498,2.569544711303711,1
4,2.553572357635498,2.569544711303711,1
5,2.553572357635498,2.569544711303711,1
6,2.553572357635498,2.569544711303711,1
7,2.553572357635498,2.569544711303711,1
8,2.553572357635498,2.569544711303711,1
9,2.553572357635498,2.569544711303711,1
10,2.553572357635498,2.569544711303711,0.5
11,2.553572357635498,2.569544711303711,0.5
12,2.553572357635498,2.569544711303711,0.5
13,2.553572357635498,2.569544711303711,0.5
14,2.553572357635498,2.569544711303711,0.5
15,2.553572357635498,2.569544711303711,0.5
16,2.553572357635498,2.569544711303711,0.5
17,2.553572357635498,2.569544711303711,0.5
18,2.553572357635498,2.569544711303711,0.5
19,2.553572357635498,2.569544711303711,0.5
20,2.553572357635498,2.569544711303711,0.5
21,2.553572357635498,2.569544711303711,0.25
22,2.553572357635498,2.569544711303711,0.25
23,2.553572357635498,2.569544711303711,0.25
24,2.553572357635498,2.569544711303711,0.25
25,2.553572357635498,2.569544711303711,0.25
26,2.553572357635498,2.569544711303711,0.25
27,2.553572357635498,2.569544711303711,0.25
28,2.553572357635498,2.569544711303711,0.25
29,2.553572357635498,2.569544711303711,0.25
30,2.553572357635498,2.569544711303711,0.25
epoch,train_loss,test_loss,learning_rate
0,2.553572357635498,2.569544711303711,0.001
1,2.553572357635498,2.569544711303711,0.001
2,2.553572357635498,2.569544711303711,0.001
3,2.553572357635498,2.569544711303711,0.001
4,2.553572357635498,2.569544711303711,0.001
5,2.553572357635498,2.569544711303711,0.001
6,2.553572357635498,2.569544711303711,0.001
7,2.553572357635498,2.569544711303711,0.001
8,2.553572357635498,2.569544711303711,0.001
9,2.553572357635498,2.569544711303711,0.001
10,2.553572357635498,2.569544711303711,0.0005
11,2.553572357635498,2.569544711303711,0.0005
12,2.553572357635498,2.569544711303711,0.0005
13,2.553572357635498,2.569544711303711,0.0005
14,2.553572357635498,2.569544711303711,0.0005
15,2.553572357635498,2.569544711303711,0.0005
16,2.553572357635498,2.569544711303711,0.0005
17,2.553572357635498,2.569544711303711,0.0005
18,2.553572357635498,2.569544711303711,0.0005
19,2.553572357635498,2.569544711303711,0.0005
20,2.553572357635498,2.569544711303711,0.0005
21,2.553572357635498,2.569544711303711,0.00025
22,2.553572357635498,2.569544711303711,0.00025
23,2.553572357635498,2.569544711303711,0.00025
24,2.553572357635498,2.569544711303711,0.00025
25,2.553572357635498,2.569544711303711,0.00025
26,2.553572357635498,2.569544711303711,0.00025
27,2.553572357635498,2.569544711303711,0.00025
28,2.553572357635498,2.569544711303711,0.00025
epoch,train_loss,test_loss,learning_rate
0,2.553572357635498,2.569544711303711,0.001
1,2.553572357635498,2.569544711303711,0.001
epoch,train_loss,test_loss,learning_rate
0,2.553572357635498,2.569544711303711,0.1
1,2.553572357635498,2.569544711303711,0.1
epoch,train_loss,test_loss,learning_rate
0,2.553572357635498,2.569544711303711,0.1
epoch,train_loss,test_loss,learning_rate
0,2.553572357635498,2.569544711303711,0.1
epoch,train_loss,test_loss,learning_rate
0,2.047918495426178,2.0658883029937742,0.1
1,2.0685138980674744,2.0840046559333802,0.1
2,2.0645303519058227,2.08018571472168,0.1
3,2.553572357635498,2.569544711303711,0.1
4,2.553572357635498,2.569544711303711,0.1
5,2.553572357635498,2.569544711303711,0.1
6,2.553572357635498,2.569544711303711,0.1
7,2.553572357635498,2.569544711303711,0.1
8,2.553572357635498,2.569544711303711,0.1
epoch,train_loss,test_loss,learning_rate
0,0.330920901144743,0.32492979055643084,0.01
1,0.2841319092845917,0.2791465472340584,0.01
2,0.34752515887975693,0.3436813314199448,0.01
3,0.6627128346395492,0.6628582193374634,0.01
4,0.4680094645023346,0.4619778279542923,0.01
5,0.36937962816953657,0.36468004965782164,0.01
6,0.4300396139717102,0.4256067147731781,0.01
7,0.4406113731098175,0.43511136329174044,0.01
8,0.4127761725330353,0.40820600354671477,0.01
