-0.86416149139404296875000000000000000,
-2.77761602401733398437500000000000000,
-3.00782442092895507812500000000000000,
-1.07238805294036865234375000000000000,
-1.73168098926544189453125000000000000,
-2.03425359725952148437500000000000000,
-6.26456642150878906250000000000000000,
-0.16872702538967132568359375000000000,
-1.90831720829010009765625000000000000,
-0.85186231136322021484375000000000000,
-3.42173171043395996093750000000000000,
-1.66995871067047119140625000000000000,
-9.96873283386230468750000000000000000,
-0.55749642848968505859375000000000000,
-1.37538683414459228515625000000000000,
-3.23261880874633789062500000000000000,
-1.58844316005706787109375000000000000,
-1.37938416004180908203125000000000000,
-5.28103208541870117187500000000000000,
-1.71315383911132812500000000000000000,
