-8.54314708709716796875000000000000000,
-7.67464113235473632812500000000000000,
4.64298200607299804687500000000000000,
-8.84084701538085937500000000000000000,
4.88496398925781250000000000000000000,
14.95667839050292968750000000000000000,
-8.73713302612304687500000000000000000,
10.70058250427246093750000000000000000,
-6.81294536590576171875000000000000000,
8.33799362182617187500000000000000000,
-8.09373188018798828125000000000000000,
-9.00296401977539062500000000000000000,
-0.35888645052909851074218750000000000,
5.56651782989501953125000000000000000,
-1.09998333454132080078125000000000000,
-8.97477149963378906250000000000000000,
2.40016269683837890625000000000000000,
-8.64407730102539062500000000000000000,
12.00488471984863281250000000000000000,
0.68625134229660034179687500000000000,
