0.01877003908157348632812500000000000,
-0.10469736158847808837890625000000000,
-0.11113926023244857788085937500000000,
-0.21119810640811920166015625000000000,
-0.17922715842723846435546875000000000,
-0.09444324672222137451171875000000000,
0.10237994790077209472656250000000000,
-0.12147939205169677734375000000000000,
-0.12317232042551040649414062500000000,
-0.11467584967613220214843750000000000,
0.10348257422447204589843750000000000,
0.10529375076293945312500000000000000,
-0.02880866825580596923828125000000000,
0.21501541137695312500000000000000000,
0.14020672440528869628906250000000000,
-0.00384610891342163085937500000000000,
0.22352254390716552734375000000000000,
-0.21973706781864166259765625000000000,
-0.17340628802776336669921875000000000,
-0.04967808723449707031250000000000000,
0.21622487902641296386718750000000000,
-0.10871154069900512695312500000000000,
-0.16526393592357635498046875000000000,
0.14711502194404602050781250000000000,
-0.00286738574504852294921875000000000,
-0.20303027331829071044921875000000000,
0.15945169329643249511718750000000000,
0.18001252412796020507812500000000000,
-0.02918702363967895507812500000000000,
0.00607007741928100585937500000000000,
-0.10621336847543716430664062500000000,
-0.16567330062389373779296875000000000,
-0.01459352672100067138671875000000000,
0.15843558311462402343750000000000000,
-0.15014147758483886718750000000000000,
0.21787387132644653320312500000000000,
-0.03776100277900695800781250000000000,
0.18449935317039489746093750000000000,
-0.13615325093269348144531250000000000,
-0.07607579231262207031250000000000000,
0.04148209095001220703125000000000000,
0.08058497309684753417968750000000000,
-0.21995763480663299560546875000000000,
0.12767574191093444824218750000000000,
0.09390947222709655761718750000000000,
-0.16262131929397583007812500000000000,
0.01495663821697235107421875000000000,
0.17777585983276367187500000000000000,
-0.20696943998336791992187500000000000,
-0.06603439152240753173828125000000000,
0.02806013822555541992187500000000000,
0.07003197073936462402343750000000000,
-0.02388420701026916503906250000000000,
0.05464917421340942382812500000000000,
0.06337404251098632812500000000000000,
0.20839151740074157714843750000000000,
0.22075292468070983886718750000000000,
0.17207688093185424804687500000000000,
0.01333160698413848876953125000000000,
-0.04345576465129852294921875000000000,
-0.08053857088088989257812500000000000,
0.04245537519454956054687500000000000,
-0.20337378978729248046875000000000000,
-0.03190430998802185058593750000000000,
0.20716002583503723144531250000000000,
-0.14396408200263977050781250000000000,
0.20930576324462890625000000000000000,
0.09070241451263427734375000000000000,
0.00250363349914550781250000000000000,
0.09674844145774841308593750000000000,
0.19243809580802917480468750000000000,
0.06407472491264343261718750000000000,
0.16742956638336181640625000000000000,
-0.22176297008991241455078125000000000,
-0.15702360868453979492187500000000000,
0.06415629386901855468750000000000000,
-0.15645658969879150390625000000000000,
0.21499028801918029785156250000000000,
-0.12487766146659851074218750000000000,
-0.02312164008617401123046875000000000,
-0.17293210327625274658203125000000000,
0.12113749980926513671875000000000000,
0.15475195646286010742187500000000000,
0.17629373073577880859375000000000000,
0.11591088771820068359375000000000000,
-0.18868441879749298095703125000000000,
-0.17817130684852600097656250000000000,
-0.10873758047819137573242187500000000,
0.06067407131195068359375000000000000,
0.04019233584403991699218750000000000,
-0.04693323373794555664062500000000000,
-0.12887822091579437255859375000000000,
0.19823080301284790039062500000000000,
-0.03798113763332366943359375000000000,
-0.13177114725112915039062500000000000,
0.20212766528129577636718750000000000,
-0.09407870471477508544921875000000000,
0.04379919171333312988281250000000000,
-0.16123312711715698242187500000000000,
-0.13273705542087554931640625000000000,
0.17122042179107666015625000000000000,
0.17586493492126464843750000000000000,
0.03674784302711486816406250000000000,
-0.08619296550750732421875000000000000,
-0.02914983034133911132812500000000000,
-0.09910775721073150634765625000000000,
0.01209188997745513916015625000000000,
0.12336117029190063476562500000000000,
-0.20513999462127685546875000000000000,
0.08779832720756530761718750000000000,
-0.16763736307621002197265625000000000,
0.13298013806343078613281250000000000,
-0.08744642138481140136718750000000000,
0.07719391584396362304687500000000000,
-0.10305481404066085815429687500000000,
-0.06304977834224700927734375000000000,
-0.11717130243778228759765625000000000,
-0.17586068809032440185546875000000000,
-0.17865815758705139160156250000000000,
-0.01565125584602355957031250000000000,
-0.09462802112102508544921875000000000,
0.01064139604568481445312500000000000,
0.09886500239372253417968750000000000,
-0.11598806828260421752929687500000000,
0.10182976722717285156250000000000000,
-0.05796247720718383789062500000000000,
-0.16427728533744812011718750000000000,
0.01810199022293090820312500000000000,
-0.19482320547103881835937500000000000,
-0.11799537390470504760742187500000000,
0.20176297426223754882812500000000000,
-0.07688924670219421386718750000000000,
-0.16865511238574981689453125000000000,
-0.08154000341892242431640625000000000,
-0.12202749401330947875976562500000000,
0.13229030370712280273437500000000000,
-0.18939101696014404296875000000000000,
-0.13665813207626342773437500000000000,
0.05445960164070129394531250000000000,
-0.01830284297466278076171875000000000,
-0.08319835364818572998046875000000000,
0.00273539125919342041015625000000000,
-0.11405777931213378906250000000000000,
0.10291683673858642578125000000000000,
0.10572674870491027832031250000000000,
-0.13670855760574340820312500000000000,
0.15217584371566772460937500000000000,
-0.09097297489643096923828125000000000,
-0.15054801106452941894531250000000000,
0.22015637159347534179687500000000000,
0.06432512402534484863281250000000000,
-0.02783279120922088623046875000000000,
-0.13034376502037048339843750000000000,
-0.15976653993129730224609375000000000,
0.05939602851867675781250000000000000,
-0.08860440552234649658203125000000000,
-0.10019540041685104370117187500000000,
-0.15867596864700317382812500000000000,
-0.12970608472824096679687500000000000,
-0.15169739723205566406250000000000000,
-0.04103255271911621093750000000000000,
-0.04504166543483734130859375000000000,
0.01006053388118743896484375000000000,
-0.14686430990695953369140625000000000,
-0.11750554293394088745117187500000000,
0.18771395087242126464843750000000000,
0.08542957901954650878906250000000000,
0.09676969051361083984375000000000000,
-0.14078426361083984375000000000000000,
-0.13610008358955383300781250000000000,
0.11568537354469299316406250000000000,
-0.05968020856380462646484375000000000,
-0.19504210352897644042968750000000000,
-0.12302216142416000366210937500000000,
-0.04135657846927642822265625000000000,
-0.12352825701236724853515625000000000,
-0.04610145092010498046875000000000000,
-0.17442584037780761718750000000000000,
-0.18940037488937377929687500000000000,
0.18216994404792785644531250000000000,
0.13404721021652221679687500000000000,
0.04445642232894897460937500000000000,
-0.00271606445312500000000000000000000,
-0.00938457250595092773437500000000000,
0.19049483537673950195312500000000000,
0.14581289887428283691406250000000000,
0.13587039709091186523437500000000000,
-0.09707717597484588623046875000000000,
-0.03349468111991882324218750000000000,
-0.20554514229297637939453125000000000,
0.20242407917976379394531250000000000,
0.13488698005676269531250000000000000,
0.00069378316402435302734375000000000,
-0.11120685935020446777343750000000000,
0.19166857004165649414062500000000000,
0.05259075760841369628906250000000000,
0.01260314881801605224609375000000000,
-0.04480093717575073242187500000000000,
0.02891370654106140136718750000000000,
-0.11953907459974288940429687500000000,
-0.12113598734140396118164062500000000,
0.15602648258209228515625000000000000,
-0.20722563564777374267578125000000000,
-0.18060034513473510742187500000000000,
-0.18935827910900115966796875000000000,
-0.14579397439956665039062500000000000,
-0.21786449849605560302734375000000000,
-0.00234876573085784912109375000000000,
-0.19235268235206604003906250000000000,
0.09745770692825317382812500000000000,
-0.14745306968688964843750000000000000,
-0.02804443240165710449218750000000000,
0.21031808853149414062500000000000000,
0.10122549533843994140625000000000000,
0.10966801643371582031250000000000000,
-0.02026763558387756347656250000000000,
0.03682345151901245117187500000000000,
-0.09868792444467544555664062500000000,
0.21984383463859558105468750000000000,
0.09172150492668151855468750000000000,
-0.04253062605857849121093750000000000,
-0.04852171242237091064453125000000000,
0.04030111432075500488281250000000000,
-0.11405310779809951782226562500000000,
0.09470728039741516113281250000000000,
0.17667111754417419433593750000000000,
0.11965638399124145507812500000000000,
-0.15140433609485626220703125000000000,
0.00811536610126495361328125000000000,
-0.15855512022972106933593750000000000,
0.08085027337074279785156250000000000,
-0.00921154022216796875000000000000000,
-0.01423369348049163818359375000000000,
0.01372334361076354980468750000000000,
0.01682747900485992431640625000000000,
0.03968617320060729980468750000000000,
-0.18516856431961059570312500000000000,
-0.00540629029273986816406250000000000,
-0.21997262537479400634765625000000000,
0.03922095894813537597656250000000000,
-0.15158239006996154785156250000000000,
0.14091753959655761718750000000000000,
0.21739089488983154296875000000000000,
-0.06398116052150726318359375000000000,
0.15568795800209045410156250000000000,
0.04179555177688598632812500000000000,
0.15332132577896118164062500000000000,
-0.05144971609115600585937500000000000,
0.06978648900985717773437500000000000,
0.03611314296722412109375000000000000,
0.20466318726539611816406250000000000,
0.17378583550453186035156250000000000,
0.04251116514205932617187500000000000,
-0.11621936410665512084960937500000000,
-0.18731336295604705810546875000000000,
0.06426021456718444824218750000000000,
-0.02945582568645477294921875000000000,
-0.03940670192241668701171875000000000,
-0.08996289968490600585937500000000000,
0.11432582139968872070312500000000000,
-0.06807136535644531250000000000000000,
-0.02742193639278411865234375000000000,
0.15436100959777832031250000000000000,
0.17221003770828247070312500000000000,
-0.04909554123878479003906250000000000,
-0.01161788403987884521484375000000000,
0.04169276356697082519531250000000000,
-0.13401219248771667480468750000000000,
-0.10518297553062438964843750000000000,
-0.08198310434818267822265625000000000,
0.00310169160366058349609375000000000,
-0.04320853948593139648437500000000000,
-0.16016936302185058593750000000000000,
-0.15825943648815155029296875000000000,
0.05323946475982666015625000000000000,
0.20055413246154785156250000000000000,
0.10123232007026672363281250000000000,
-0.03054773807525634765625000000000000,
0.10265344381332397460937500000000000,
-0.01777678728103637695312500000000000,
-0.10173200815916061401367187500000000,
-0.17777878046035766601562500000000000,
-0.19626277685165405273437500000000000,
-0.10878959298133850097656250000000000,
0.00204150378704071044921875000000000,
-0.19502168893814086914062500000000000,
0.09036242961883544921875000000000000,
-0.16806498169898986816406250000000000,
-0.04982261359691619873046875000000000,
0.13574898242950439453125000000000000,
0.01745560765266418457031250000000000,
0.09554034471511840820312500000000000,
-0.06799353659152984619140625000000000,
-0.11073566228151321411132812500000000,
0.17386299371719360351562500000000000,
0.10601153969764709472656250000000000,
-0.17553095519542694091796875000000000,
-0.22350901365280151367187500000000000,
-0.15098546445369720458984375000000000,
-0.05174618959426879882812500000000000,
-0.18810707330703735351562500000000000,
-0.07814626395702362060546875000000000,
-0.12745839357376098632812500000000000,
-0.06790836155414581298828125000000000,
-0.20245943963527679443359375000000000,
-0.18366122245788574218750000000000000,
0.01488994061946868896484375000000000,
0.21051964163780212402343750000000000,
-0.04539230465888977050781250000000000,
0.06991171836853027343750000000000000,
-0.05739226937294006347656250000000000,
0.07718205451965332031250000000000000,
0.04530271887779235839843750000000000,
-0.02302044630050659179687500000000000,
-0.09619446098804473876953125000000000,
-0.03083254396915435791015625000000000,
0.00655506551265716552734375000000000,
0.11352133750915527343750000000000000,
-0.14204409718513488769531250000000000,
-0.10288731008768081665039062500000000,
-0.05944563448429107666015625000000000,
0.21956571936607360839843750000000000,
0.20189329981803894042968750000000000,
-0.09257742762565612792968750000000000,
-0.20093092322349548339843750000000000,
-0.21261802315711975097656250000000000,
-0.03486046195030212402343750000000000,
-0.17116518318653106689453125000000000,
-0.00993658602237701416015625000000000,
-0.01081609725952148437500000000000000,
-0.10778927057981491088867187500000000,
0.05415564775466918945312500000000000,
0.16310372948646545410156250000000000,
-0.16032662987709045410156250000000000,
0.14184042811393737792968750000000000,
0.15091386437416076660156250000000000,
-0.04783417284488677978515625000000000,
0.12086129188537597656250000000000000,
0.21631446480751037597656250000000000,
0.21424117684364318847656250000000000,
-0.01945750415325164794921875000000000,
-0.15407958626747131347656250000000000,
0.21757352352142333984375000000000000,
-0.06449592113494873046875000000000000,
-0.04555034637451171875000000000000000,
0.04114514589309692382812500000000000,
0.21716392040252685546875000000000000,
0.18211814761161804199218750000000000,
-0.09649717807769775390625000000000000,
-0.18161860108375549316406250000000000,
-0.02418190240859985351562500000000000,
0.18001446127891540527343750000000000,
-0.04065930843353271484375000000000000,
0.15400123596191406250000000000000000,
0.22256007790565490722656250000000000,
-0.10253731906414031982421875000000000,
-0.03889353573322296142578125000000000,
-0.14911893010139465332031250000000000,
-0.06093285977840423583984375000000000,
0.05636623501777648925781250000000000,
-0.01585608720779418945312500000000000,
0.07646021246910095214843750000000000,
-0.15866509079933166503906250000000000,
-0.02043025195598602294921875000000000,
-0.15210610628128051757812500000000000,
0.21560257673263549804687500000000000,
-0.00342963635921478271484375000000000,
0.12974822521209716796875000000000000,
-0.09599334001541137695312500000000000,
0.14422127604484558105468750000000000,
-0.07772272825241088867187500000000000,
-0.09778623282909393310546875000000000,
0.09813463687896728515625000000000000,
-0.12180516123771667480468750000000000,
-0.02904945611953735351562500000000000,
-0.10472095012664794921875000000000000,
-0.12406852096319198608398437500000000,
0.19698876142501831054687500000000000,
0.18795382976531982421875000000000000,
0.21395179629325866699218750000000000,
-0.08020672202110290527343750000000000,
-0.20588129758834838867187500000000000,
0.19761800765991210937500000000000000,
0.02879250049591064453125000000000000,
-0.14511029422283172607421875000000000,
-0.19961540400981903076171875000000000,
-0.16602878272533416748046875000000000,
-0.06180763244628906250000000000000000,
-0.13592159748077392578125000000000000,
-0.18185093998908996582031250000000000,
-0.16952873766422271728515625000000000,
-0.14052262902259826660156250000000000,
0.11898228526115417480468750000000000,
0.16380810737609863281250000000000000,
-0.11476776003837585449218750000000000,
-0.13771215081214904785156250000000000,
0.01509559154510498046875000000000000,
0.17842921614646911621093750000000000,
0.20951411128044128417968750000000000,
0.07791611552238464355468750000000000,
