-0.31820926070213317871093750000000000,
-0.04615691676735877990722656250000000,
0.25323072075843811035156250000000000,
0.35438778996467590332031250000000000,
0.19106163084506988525390625000000000,
0.23516486585140228271484375000000000,
0.20233048498630523681640625000000000,
-0.08315306156873703002929687500000000,
0.07715047150850296020507812500000000,
0.29326730966567993164062500000000000,
0.25083121657371520996093750000000000,
-0.29549264907836914062500000000000000,
-0.16558198630809783935546875000000000,
-0.22768437862396240234375000000000000,
0.10267538577318191528320312500000000,
-0.11452855169773101806640625000000000,
0.02825531363487243652343750000000000,
0.21083302795886993408203125000000000,
0.19553704559803009033203125000000000,
0.24801762402057647705078125000000000,
-0.28278544545173645019531250000000000,
0.03010389208793640136718750000000000,
0.03553752973675727844238281250000000,
0.18290296196937561035156250000000000,
-0.21993149816989898681640625000000000,
0.05191927403211593627929687500000000,
0.17053826153278350830078125000000000,
0.06765027344226837158203125000000000,
0.28451523184776306152343750000000000,
-0.08592872321605682373046875000000000,
-0.26566919684410095214843750000000000,
-0.02004427462816238403320312500000000,
-0.13423025608062744140625000000000000,
-0.32275128364562988281250000000000000,
0.05263801664113998413085937500000000,
-0.27933871746063232421875000000000000,
0.28962111473083496093750000000000000,
-0.11469744145870208740234375000000000,
-0.17279011011123657226562500000000000,
-0.05479090288281440734863281250000000,
0.24084255099296569824218750000000000,
-0.10959123075008392333984375000000000,
-0.03777389973402023315429687500000000,
0.14474037289619445800781250000000000,
0.06759799271821975708007812500000000,
-0.03661393374204635620117187500000000,
0.12071274966001510620117187500000000,
0.11543443053960800170898437500000000,
-0.06062155961990356445312500000000000,
0.32077565789222717285156250000000000,
-0.29016163945198059082031250000000000,
0.17329859733581542968750000000000000,
0.16132850944995880126953125000000000,
0.34220707416534423828125000000000000,
0.08717966824769973754882812500000000,
0.21354673802852630615234375000000000,
0.05026532709598541259765625000000000,
-0.00908437650650739669799804687500000,
0.34827488660812377929687500000000000,
-0.04840840399265289306640625000000000,
0.12284089624881744384765625000000000,
0.05130736902356147766113281250000000,
-0.21757437288761138916015625000000000,
0.11551475524902343750000000000000000,
-0.06415188312530517578125000000000000,
-0.08955803513526916503906250000000000,
-0.13017116487026214599609375000000000,
0.06662109494209289550781250000000000,
-0.24192285537719726562500000000000000,
0.06536954641342163085937500000000000,
-0.16383132338523864746093750000000000,
0.18781319260597229003906250000000000,
-0.20643515884876251220703125000000000,
0.30016949772834777832031250000000000,
-0.08530464768409729003906250000000000,
0.35155677795410156250000000000000000,
0.16548231244087219238281250000000000,
0.19188946485519409179687500000000000,
0.12714739143848419189453125000000000,
0.13767632842063903808593750000000000,
-0.32393589615821838378906250000000000,
0.19726404547691345214843750000000000,
0.05499854683876037597656250000000000,
-0.15392585098743438720703125000000000,
-0.25265324115753173828125000000000000,
-0.08754014968872070312500000000000000,
0.11357605457305908203125000000000000,
-0.11532022058963775634765625000000000,
0.02882746607065200805664062500000000,
-0.33860841393470764160156250000000000,
0.19076402485370635986328125000000000,
0.10074127465486526489257812500000000,
0.31285026669502258300781250000000000,
0.21279871463775634765625000000000000,
0.28885018825531005859375000000000000,
0.15670628845691680908203125000000000,
0.01867027208209037780761718750000000,
-0.09512549638748168945312500000000000,
-0.01960145495831966400146484375000000,
-0.20136983692646026611328125000000000,
0.25601607561111450195312500000000000,
0.08375217765569686889648437500000000,
-0.20798681676387786865234375000000000,
-0.32507672905921936035156250000000000,
-0.02869855239987373352050781250000000,
-0.29607343673706054687500000000000000,
-0.14725215733051300048828125000000000,
-0.12342967838048934936523437500000000,
-0.32746151089668273925781250000000000,
0.07710327953100204467773437500000000,
0.33003428578376770019531250000000000,
0.18898518383502960205078125000000000,
0.24410834908485412597656250000000000,
-0.07498537003993988037109375000000000,
-0.09865931421518325805664062500000000,
0.12619428336620330810546875000000000,
-0.07931291311979293823242187500000000,
0.06748688966035842895507812500000000,
0.31284826993942260742187500000000000,
-0.12311223894357681274414062500000000,
-0.13766063749790191650390625000000000,
0.00442630890756845474243164062500000,
-0.22672250866889953613281250000000000,
0.09417070448398590087890625000000000,
0.18842668831348419189453125000000000,
0.14112016558647155761718750000000000,
-0.13565157353878021240234375000000000,
-0.05088940262794494628906250000000000,
0.28317379951477050781250000000000000,
0.35395628213882446289062500000000000,
0.16556619107723236083984375000000000,
-0.27688729763031005859375000000000000,
0.06429729610681533813476562500000000,
-0.23312962055206298828125000000000000,
0.14320968091487884521484375000000000,
-0.00344261061400175094604492187500000,
0.15112842619419097900390625000000000,
0.31770643591880798339843750000000000,
0.27806270122528076171875000000000000,
-0.20438712835311889648437500000000000,
-0.18975874781608581542968750000000000,
-0.29508632421493530273437500000000000,
-0.11254694312810897827148437500000000,
-0.22906929254531860351562500000000000,
-0.09462203085422515869140625000000000,
0.27041688561439514160156250000000000,
0.34622070193290710449218750000000000,
0.03029628656804561614990234375000000,
-0.06289002299308776855468750000000000,
0.08332138508558273315429687500000000,
0.07196247577667236328125000000000000,
0.09092278778553009033203125000000000,
-0.19135199487209320068359375000000000,
-0.01183596253395080566406250000000000,
-0.01450324058532714843750000000000000,
-0.17989732325077056884765625000000000,
-0.11770699918270111083984375000000000,
-0.15549510717391967773437500000000000,
0.30757120251655578613281250000000000,
-0.15562804043292999267578125000000000,
-0.34249877929687500000000000000000000,
0.06829568743705749511718750000000000,
0.00185817480087280273437500000000000,
-0.18185643851757049560546875000000000,
-0.12364755570888519287109375000000000,
-0.30528137087821960449218750000000000,
-0.02703961730003356933593750000000000,
-0.01253265142440795898437500000000000,
0.02599081397056579589843750000000000,
0.33810397982597351074218750000000000,
-0.07831752300262451171875000000000000,
-0.09798803925514221191406250000000000,
-0.25689971446990966796875000000000000,
-0.22643360495567321777343750000000000,
-0.17789134383201599121093750000000000,
-0.04897451400756835937500000000000000,
0.31444516777992248535156250000000000,
-0.04494924470782279968261718750000000,
0.14184486865997314453125000000000000,
-0.07181860506534576416015625000000000,
0.05515617504715919494628906250000000,
0.15663403272628784179687500000000000,
-0.14569112658500671386718750000000000,
-0.28332561254501342773437500000000000,
-0.15152187645435333251953125000000000,
0.20330241322517395019531250000000000,
0.14260432124137878417968750000000000,
0.12732473015785217285156250000000000,
0.12143123149871826171875000000000000,
-0.30833348631858825683593750000000000,
0.34189167618751525878906250000000000,
0.29523250460624694824218750000000000,
-0.10761710256338119506835937500000000,
-0.08798255026340484619140625000000000,
-0.14462183415889739990234375000000000,
-0.04943234845995903015136718750000000,
0.08278402686119079589843750000000000,
-0.26764219999313354492187500000000000,
0.11923456192016601562500000000000000,
0.07700946182012557983398437500000000,
-0.02145484089851379394531250000000000,
0.32900431752204895019531250000000000,
0.28212949633598327636718750000000000,
-0.04024955630302429199218750000000000,
-0.10896304249763488769531250000000000,
-0.13219009339809417724609375000000000,
0.25978580117225646972656250000000000,
0.03911632299423217773437500000000000,
0.12444716691970825195312500000000000,
-0.09629821777343750000000000000000000,
0.19171205163002014160156250000000000,
-0.14868977665901184082031250000000000,
-0.29343217611312866210937500000000000,
-0.07903975248336791992187500000000000,
-0.15327215194702148437500000000000000,
0.08463346958160400390625000000000000,
-0.34101548790931701660156250000000000,
-0.28193312883377075195312500000000000,
0.06506201624870300292968750000000000,
-0.28544479608535766601562500000000000,
-0.25244051218032836914062500000000000,
-0.25873023271560668945312500000000000,
-0.11027196049690246582031250000000000,
0.18377771973609924316406250000000000,
0.21595330536365509033203125000000000,
0.13789087533950805664062500000000000,
0.31669235229492187500000000000000000,
0.18766148388385772705078125000000000,
-0.26786434650421142578125000000000000,
0.11544777452945709228515625000000000,
0.26780229806900024414062500000000000,
-0.32548996806144714355468750000000000,
0.03635957837104797363281250000000000,
-0.06033396720886230468750000000000000,
0.15372332930564880371093750000000000,
-0.09100559353828430175781250000000000,
-0.25880980491638183593750000000000000,
-0.21228027343750000000000000000000000,
0.00677216053009033203125000000000000,
-0.30872893333435058593750000000000000,
-0.17656333744525909423828125000000000,
-0.31505760550498962402343750000000000,
0.25465244054794311523437500000000000,
0.10230247676372528076171875000000000,
0.01680630631744861602783203125000000,
-0.33174541592597961425781250000000000,
-0.20244896411895751953125000000000000,
0.13082374632358551025390625000000000,
-0.15908977389335632324218750000000000,
0.11001890897750854492187500000000000,
-0.34024852514266967773437500000000000,
-0.10012754797935485839843750000000000,
-0.18585234880447387695312500000000000,
0.01511496305465698242187500000000000,
0.21489760279655456542968750000000000,
-0.20674845576286315917968750000000000,
0.30969721078872680664062500000000000,
-0.29522392153739929199218750000000000,
-0.20913760364055633544921875000000000,
-0.23411433398723602294921875000000000,
0.29596036672592163085937500000000000,
-0.25680175423622131347656250000000000,
0.02491351030766963958740234375000000,
0.24076676368713378906250000000000000,
0.26010149717330932617187500000000000,
-0.01012703403830528259277343750000000,
-0.34446629881858825683593750000000000,
-0.24351364374160766601562500000000000,
-0.02298459596931934356689453125000000,
-0.05600577965378761291503906250000000,
0.21892866492271423339843750000000000,
-0.04215566813945770263671875000000000,
-0.10225018858909606933593750000000000,
-0.04363551735877990722656250000000000,
0.01952934265136718750000000000000000,
0.07391443848609924316406250000000000,
-0.23523193597793579101562500000000000,
-0.24193133413791656494140625000000000,
0.15935739874839782714843750000000000,
-0.23357078433036804199218750000000000,
0.16352769732475280761718750000000000,
0.14606195688247680664062500000000000,
0.05849593877792358398437500000000000,
0.07487231492996215820312500000000000,
-0.33478742837905883789062500000000000,
0.08143153786659240722656250000000000,
0.33883616328239440917968750000000000,
0.24494126439094543457031250000000000,
-0.12581609189510345458984375000000000,
0.32279774546623229980468750000000000,
-0.07403936982154846191406250000000000,
0.03896421194076538085937500000000000,
-0.35323405265808105468750000000000000,
0.27841028571128845214843750000000000,
0.13870427012443542480468750000000000,
0.12950322031974792480468750000000000,
0.21688693761825561523437500000000000,
0.17283304035663604736328125000000000,
0.23264300823211669921875000000000000,
-0.25195938348770141601562500000000000,
0.28285390138626098632812500000000000,
0.25225022435188293457031250000000000,
0.33086377382278442382812500000000000,
-0.09779956936836242675781250000000000,
0.22654800117015838623046875000000000,
-0.05254377797245979309082031250000000,
-0.27797785401344299316406250000000000,
-0.24490612745285034179687500000000000,
-0.00385612808167934417724609375000000,
-0.32261610031127929687500000000000000,
-0.28819191455841064453125000000000000,
0.16835176944732666015625000000000000,
0.03177274018526077270507812500000000,
0.23170031607151031494140625000000000,
-0.32304090261459350585937500000000000,
-0.06423582881689071655273437500000000,
-0.16848106682300567626953125000000000,
0.28403583168983459472656250000000000,
0.19788801670074462890625000000000000,
-0.25773081183433532714843750000000000,
-0.15261451900005340576171875000000000,
0.22581136226654052734375000000000000,
0.12797088921070098876953125000000000,
-0.31494641304016113281250000000000000,
-0.01408001966774463653564453125000000,
0.23956279456615447998046875000000000,
-0.34952935576438903808593750000000000,
0.32813844084739685058593750000000000,
0.29907169938087463378906250000000000,
-0.29198217391967773437500000000000000,
0.23596209287643432617187500000000000,
-0.32209539413452148437500000000000000,
-0.28696802258491516113281250000000000,
0.10851670801639556884765625000000000,
-0.17926684021949768066406250000000000,
-0.25935581326484680175781250000000000,
0.07047920674085617065429687500000000,
-0.10280817747116088867187500000000000,
-0.13868418335914611816406250000000000,
0.34038656949996948242187500000000000,
-0.13568666577339172363281250000000000,
0.11504834890365600585937500000000000,
0.30306366086006164550781250000000000,
-0.03101310878992080688476562500000000,
-0.15399956703186035156250000000000000,
-0.34636524319648742675781250000000000,
0.23359921574592590332031250000000000,
-0.01969441771507263183593750000000000,
0.03950732946395874023437500000000000,
-0.19765923917293548583984375000000000,
-0.03061079978942871093750000000000000,
0.09570875763893127441406250000000000,
0.19329577684402465820312500000000000,
0.09668251872062683105468750000000000,
0.20807768404483795166015625000000000,
-0.15634284913539886474609375000000000,
0.21994711458683013916015625000000000,
0.06981314718723297119140625000000000,
0.21364359557628631591796875000000000,
-0.09068281203508377075195312500000000,
0.14702804386615753173828125000000000,
-0.25288301706314086914062500000000000,
-0.16704156994819641113281250000000000,
0.21221044659614562988281250000000000,
-0.21437382698059082031250000000000000,
-0.31342157721519470214843750000000000,
0.23627713322639465332031250000000000,
-0.12110409140586853027343750000000000,
-0.13617877662181854248046875000000000,
-0.27716135978698730468750000000000000,
0.26414155960083007812500000000000000,
-0.28264859318733215332031250000000000,
0.09043744206428527832031250000000000,
-0.34432452917098999023437500000000000,
0.00552839133888483047485351562500000,
-0.11099354922771453857421875000000000,
0.03850580006837844848632812500000000,
-0.33835458755493164062500000000000000,
0.18469911813735961914062500000000000,
-0.09473738819360733032226562500000000,
-0.19966126978397369384765625000000000,
0.20414245128631591796875000000000000,
0.21215055882930755615234375000000000,
0.31520023941993713378906250000000000,
-0.00338922161608934402465820312500000,
-0.20114554464817047119140625000000000,
0.22913195192813873291015625000000000,
0.04102492332458496093750000000000000,
-0.04478593170642852783203125000000000,
0.22879390418529510498046875000000000,
0.05620742216706275939941406250000000,
-0.00293688056990504264831542968750000,
-0.31776037812232971191406250000000000,
0.07550907135009765625000000000000000,
0.34451356530189514160156250000000000,
0.03410601615905761718750000000000000,
-0.08015045523643493652343750000000000,
0.03978759050369262695312500000000000,
0.23259726166725158691406250000000000,
0.16115751862525939941406250000000000,
-0.06803996860980987548828125000000000,
0.05257029458880424499511718750000000,
0.19774851202964782714843750000000000,
0.06860150396823883056640625000000000,
0.27028986811637878417968750000000000,
0.28598245978355407714843750000000000,
-0.20714968442916870117187500000000000,
0.06596199423074722290039062500000000,
0.29886206984519958496093750000000000,
0.25266161561012268066406250000000000,
0.35254022479057312011718750000000000,
0.28450739383697509765625000000000000,
0.34737780690193176269531250000000000,
0.01445935200899839401245117187500000,
-0.23476541042327880859375000000000000,
0.30549362301826477050781250000000000,
0.10946118831634521484375000000000000,
-0.32582682371139526367187500000000000,
0.08467093110084533691406250000000000,
-0.33826142549514770507812500000000000,
-0.10673721879720687866210937500000000,
0.25893214344978332519531250000000000,
-0.12403673678636550903320312500000000,
-0.34517371654510498046875000000000000,
-0.23542690277099609375000000000000000,
0.04584127664566040039062500000000000,
-0.14485095441341400146484375000000000,
0.07382875680923461914062500000000000,
-0.28777685761451721191406250000000000,
-0.08486837148666381835937500000000000,
0.03897684812545776367187500000000000,
0.16562923789024353027343750000000000,
-0.34053036570549011230468750000000000,
-0.07771070301532745361328125000000000,
0.13355633616447448730468750000000000,
0.17214748263359069824218750000000000,
-0.14486439526081085205078125000000000,
0.31037208437919616699218750000000000,
-0.33458602428436279296875000000000000,
0.04677630960941314697265625000000000,
-0.02843904495239257812500000000000000,
-0.34098300337791442871093750000000000,
-0.21729764342308044433593750000000000,
-0.17337726056575775146484375000000000,
-0.11592558026313781738281250000000000,
0.01531541347503662109375000000000000,
-0.25482219457626342773437500000000000,
-0.16388806700706481933593750000000000,
0.10954518616199493408203125000000000,
0.13016578555107116699218750000000000,
-0.29638710618019104003906250000000000,
-0.14745339751243591308593750000000000,
-0.28377434611320495605468750000000000,
-0.23330204188823699951171875000000000,
0.24672327935695648193359375000000000,
-0.05396958440542221069335937500000000,
-0.02292967960238456726074218750000000,
0.04618788883090019226074218750000000,
0.26672402024269104003906250000000000,
-0.28387761116027832031250000000000000,
0.00053194438805803656578063964843750,
-0.12861657142639160156250000000000000,
0.24838104844093322753906250000000000,
0.04054996743798255920410156250000000,
0.05646333098411560058593750000000000,
-0.01320055127143859863281250000000000,
-0.04882729053497314453125000000000000,
0.04611793160438537597656250000000000,
-0.26408931612968444824218750000000000,
0.02263480424880981445312500000000000,
-0.33560687303543090820312500000000000,
0.23419073224067687988281250000000000,
-0.27455127239227294921875000000000000,
0.27244862914085388183593750000000000,
0.27619352936744689941406250000000000,
0.08140310645103454589843750000000000,
-0.32018011808395385742187500000000000,
-0.27468231320381164550781250000000000,
-0.24424377083778381347656250000000000,
-0.25696292519569396972656250000000000,
0.08615121990442276000976562500000000,
-0.10966613888740539550781250000000000,
-0.13427264988422393798828125000000000,
-0.09476947784423828125000000000000000,
0.29056349396705627441406250000000000,
-0.35075694322586059570312500000000000,
0.29032391309738159179687500000000000,
-0.14268060028553009033203125000000000,
0.27899339795112609863281250000000000,
-0.28205278515815734863281250000000000,
-0.20591229200363159179687500000000000,
0.03150756284594535827636718750000000,
-0.19477152824401855468750000000000000,
-0.02982477843761444091796875000000000,
-0.00697831530123949050903320312500000,
0.00140576669946312904357910156250000,
0.02873960137367248535156250000000000,
0.20735821127891540527343750000000000,
-0.14738301932811737060546875000000000,
0.02660202980041503906250000000000000,
-0.34603661298751831054687500000000000,
-0.28683581948280334472656250000000000,
-0.03675606846809387207031250000000000,
-0.03015679121017456054687500000000000,
-0.19598554074764251708984375000000000,
-0.09159170091152191162109375000000000,
-0.16770865023136138916015625000000000,
-0.06982021033763885498046875000000000,
-0.02291354164481163024902343750000000,
0.33583006262779235839843750000000000,
0.18872678279876708984375000000000000,
0.08052892237901687622070312500000000,
-0.22128422558307647705078125000000000,
0.15262535214424133300781250000000000,
-0.22940781712532043457031250000000000,
-0.08876568078994750976562500000000000,
-0.27661216259002685546875000000000000,
-0.24998104572296142578125000000000000,
0.13900661468505859375000000000000000,
-0.23160864412784576416015625000000000,
0.12348064035177230834960937500000000,
0.00661552092060446739196777343750000,
-0.13787549734115600585937500000000000,
-0.18287143111228942871093750000000000,
-0.17851535975933074951171875000000000,
0.09622494876384735107421875000000000,
-0.25051233172416687011718750000000000,
0.07756002247333526611328125000000000,
0.17651310563087463378906250000000000,
0.02124662511050701141357421875000000,
0.08095926791429519653320312500000000,
0.33415308594703674316406250000000000,
-0.34295237064361572265625000000000000,
-0.17460431158542633056640625000000000,
0.32530695199966430664062500000000000,
-0.15265224874019622802734375000000000,
0.05704811215400695800781250000000000,
-0.26520282030105590820312500000000000,
0.27469423413276672363281250000000000,
0.09621923416852951049804687500000000,
-0.14794106781482696533203125000000000,
0.30923315882682800292968750000000000,
-0.11112526804208755493164062500000000,
-0.08839239925146102905273437500000000,
-0.26357474923133850097656250000000000,
0.28148308396339416503906250000000000,
-0.28532648086547851562500000000000000,
-0.00941193755716085433959960937500000,
0.06338211894035339355468750000000000,
0.05788785219192504882812500000000000,
0.34688943624496459960937500000000000,
0.28125149011611938476562500000000000,
-0.33115375041961669921875000000000000,
-0.27441138029098510742187500000000000,
-0.35062852501869201660156250000000000,
-0.31963741779327392578125000000000000,
0.15690255165100097656250000000000000,
-0.32452076673507690429687500000000000,
-0.32581171393394470214843750000000000,
-0.03695216774940490722656250000000000,
-0.20892764627933502197265625000000000,
0.20100955665111541748046875000000000,
-0.00909751467406749725341796875000000,
-0.21190270781517028808593750000000000,
0.01655607298016548156738281250000000,
0.12984442710876464843750000000000000,
0.09851755201816558837890625000000000,
-0.05813074856996536254882812500000000,
-0.01213929057121276855468750000000000,
0.10697060823440551757812500000000000,
0.21408918499946594238281250000000000,
0.20982566475868225097656250000000000,
-0.24212095141410827636718750000000000,
0.00928336381912231445312500000000000,
-0.05294477939605712890625000000000000,
0.27956971526145935058593750000000000,
0.01114940643310546875000000000000000,
0.19293275475502014160156250000000000,
0.11179780960083007812500000000000000,
-0.13931968808174133300781250000000000,
-0.10573612153530120849609375000000000,
-0.18841879069805145263671875000000000,
0.10868400335311889648437500000000000,
-0.25433319807052612304687500000000000,
-0.28148037195205688476562500000000000,
0.33496928215026855468750000000000000,
0.29250994324684143066406250000000000,
0.28970292210578918457031250000000000,
-0.08619330078363418579101562500000000,
0.22080987691879272460937500000000000,
-0.22147621214389801025390625000000000,
-0.31459647417068481445312500000000000,
-0.24114117026329040527343750000000000,
0.14766302704811096191406250000000000,
-0.08228805661201477050781250000000000,
-0.05631598830223083496093750000000000,
-0.26278376579284667968750000000000000,
0.04191070795059204101562500000000000,
-0.05248054862022399902343750000000000,
-0.17045406997203826904296875000000000,
-0.07718667387962341308593750000000000,
-0.05900028347969055175781250000000000,
-0.05825141072273254394531250000000000,
0.01729762554168701171875000000000000,
-0.27532839775085449218750000000000000,
0.19701477885246276855468750000000000,
-0.11815784871578216552734375000000000,
-0.13696540892124176025390625000000000,
0.24833598732948303222656250000000000,
0.24658039212226867675781250000000000,
-0.16549327969551086425781250000000000,
-0.17504772543907165527343750000000000,
-0.19182457029819488525390625000000000,
-0.23508559167385101318359375000000000,
0.12639975547790527343750000000000000,
-0.06408654898405075073242187500000000,
0.29129719734191894531250000000000000,
-0.21451127529144287109375000000000000,
0.16472606360912322998046875000000000,
-0.17625819146633148193359375000000000,
-0.32320266962051391601562500000000000,
0.16862566769123077392578125000000000,
-0.25125047564506530761718750000000000,
-0.09183441847562789916992187500000000,
0.29432857036590576171875000000000000,
-0.34739294648170471191406250000000000,
0.18028526008129119873046875000000000,
0.05641743540763854980468750000000000,
0.11410450935363769531250000000000000,
0.27550336718559265136718750000000000,
-0.00486432900652289390563964843750000,
0.00009241150837624445557594299316406,
0.04333310574293136596679687500000000,
0.18032741546630859375000000000000000,
-0.03168276324868202209472656250000000,
0.23857890069484710693359375000000000,
0.01274955179542303085327148437500000,
-0.16182601451873779296875000000000000,
0.14911019802093505859375000000000000,
0.15150921046733856201171875000000000,
0.07138447463512420654296875000000000,
0.22406984865665435791015625000000000,
0.18455731868743896484375000000000000,
-0.17110876739025115966796875000000000,
0.33125036954879760742187500000000000,
-0.21769942343235015869140625000000000,
0.23685857653617858886718750000000000,
-0.18636031448841094970703125000000000,
0.33120027184486389160156250000000000,
-0.34804755449295043945312500000000000,
-0.00519060902297496795654296875000000,
0.22030431032180786132812500000000000,
0.17550489306449890136718750000000000,
-0.18532742559909820556640625000000000,
0.30595561861991882324218750000000000,
0.26902389526367187500000000000000000,
0.02337535470724105834960937500000000,
-0.18879944086074829101562500000000000,
0.13488593697547912597656250000000000,
-0.07088689506053924560546875000000000,
0.17361484467983245849609375000000000,
0.10834344476461410522460937500000000,
-0.32088449597358703613281250000000000,
0.31308448314666748046875000000000000,
-0.00372152775526046752929687500000000,
-0.02259143255650997161865234375000000,
-0.29760497808456420898437500000000000,
-0.19343219697475433349609375000000000,
0.30324316024780273437500000000000000,
-0.21172377467155456542968750000000000,
0.30644446611404418945312500000000000,
-0.15275217592716217041015625000000000,
-0.15254934132099151611328125000000000,
-0.13784199953079223632812500000000000,
-0.05807258561253547668457031250000000,
0.16578051447868347167968750000000000,
0.24000416696071624755859375000000000,
-0.09785821288824081420898437500000000,
-0.20446176826953887939453125000000000,
-0.03238671645522117614746093750000000,
-0.30645057559013366699218750000000000,
-0.21177311241626739501953125000000000,
0.01970624551177024841308593750000000,
0.14059081673622131347656250000000000,
-0.16331914067268371582031250000000000,
0.32402798533439636230468750000000000,
0.10013615339994430541992187500000000,
-0.28196400403976440429687500000000000,
0.17417123913764953613281250000000000,
-0.12071014195680618286132812500000000,
0.35051169991493225097656250000000000,
0.26237514615058898925781250000000000,
0.33452540636062622070312500000000000,
0.22169452905654907226562500000000000,
-0.20280827581882476806640625000000000,
0.19204618036746978759765625000000000,
-0.30853131413459777832031250000000000,
0.33848083019256591796875000000000000,
-0.18670724332332611083984375000000000,
0.30391737818717956542968750000000000,
0.12313369661569595336914062500000000,
-0.00424219248816370964050292968750000,
-0.22337530553340911865234375000000000,
-0.07513304054737091064453125000000000,
-0.23993340134620666503906250000000000,
-0.24195395410060882568359375000000000,
0.20311574637889862060546875000000000,
0.18511745333671569824218750000000000,
0.34628573060035705566406250000000000,
-0.32702481746673583984375000000000000,
-0.19754669070243835449218750000000000,
-0.30073052644729614257812500000000000,
0.27091449499130249023437500000000000,
0.24067619442939758300781250000000000,
-0.33973222970962524414062500000000000,
-0.25602865219116210937500000000000000,
0.17627596855163574218750000000000000,
-0.24528428912162780761718750000000000,
-0.33872568607330322265625000000000000,
-0.28455337882041931152343750000000000,
-0.20599056780338287353515625000000000,
0.24772110581398010253906250000000000,
-0.28608319163322448730468750000000000,
0.14472794532775878906250000000000000,
-0.27439355850219726562500000000000000,
-0.00954675674438476562500000000000000,
-0.13464787602424621582031250000000000,
-0.19895292818546295166015625000000000,
0.22925394773483276367187500000000000,
-0.02704573422670364379882812500000000,
-0.13474938273429870605468750000000000,
-0.34524130821228027343750000000000000,
-0.05240987986326217651367187500000000,
-0.31164744496345520019531250000000000,
0.21708860993385314941406250000000000,
0.18465982377529144287109375000000000,
-0.05464279651641845703125000000000000,
-0.07500019669532775878906250000000000,
0.05154713988304138183593750000000000,
-0.01490855216979980468750000000000000,
-0.34369775652885437011718750000000000,
0.19707819819450378417968750000000000,
-0.29371756315231323242187500000000000,
0.04766324162483215332031250000000000,
-0.20184363424777984619140625000000000,
0.24028834700584411621093750000000000,
0.00337149156257510185241699218750000,
0.00740998797118663787841796875000000,
0.23202300071716308593750000000000000,
-0.20413863658905029296875000000000000,
0.28252699971199035644531250000000000,
0.22831687331199645996093750000000000,
0.18003913760185241699218750000000000,
0.32973408699035644531250000000000000,
0.09440434724092483520507812500000000,
-0.22902862727642059326171875000000000,
-0.23166488111019134521484375000000000,
-0.05556198209524154663085937500000000,
0.21151755750179290771484375000000000,
0.15376570820808410644531250000000000,
-0.27297455072402954101562500000000000,
0.12083077430725097656250000000000000,
-0.23174728453159332275390625000000000,
0.09418556094169616699218750000000000,
0.23132565617561340332031250000000000,
0.11572380363941192626953125000000000,
0.11257503181695938110351562500000000,
0.07702383399009704589843750000000000,
-0.20033955574035644531250000000000000,
0.30900770425796508789062500000000000,
0.30599778890609741210937500000000000,
0.02265027165412902832031250000000000,
-0.07734561711549758911132812500000000,
-0.08069354295730590820312500000000000,
-0.14990089833736419677734375000000000,
0.14559112489223480224609375000000000,
-0.15561400353908538818359375000000000,
-0.33843454718589782714843750000000000,
0.26336738467216491699218750000000000,
0.12194603681564331054687500000000000,
-0.12882167100906372070312500000000000,
0.08862087130546569824218750000000000,
0.08472827076911926269531250000000000,
0.00912097096443176269531250000000000,
0.17540949583053588867187500000000000,
-0.04798687994480133056640625000000000,
-0.12794546782970428466796875000000000,
0.15092250704765319824218750000000000,
0.33276009559631347656250000000000000,
-0.27574944496154785156250000000000000,
-0.27670192718505859375000000000000000,
-0.34659931063652038574218750000000000,
-0.14295515418052673339843750000000000,
0.28630012273788452148437500000000000,
-0.28720253705978393554687500000000000,
-0.16474862396717071533203125000000000,
-0.11583490669727325439453125000000000,
0.15658766031265258789062500000000000,
0.23739241063594818115234375000000000,
-0.20499873161315917968750000000000000,
