0.05301368236541748046875000000000000,
0.15475586056709289550781250000000000,
0.21832655370235443115234375000000000,
-0.15394014120101928710937500000000000,
-0.17109312117099761962890625000000000,
-0.19041372835636138916015625000000000,
-0.01038009766489267349243164062500000,
-0.26042938232421875000000000000000000,
0.17106220126152038574218750000000000,
0.24361628293991088867187500000000000,
-0.05858175456523895263671875000000000,
-0.24693383276462554931640625000000000,
-0.17309537529945373535156250000000000,
-0.26407366991043090820312500000000000,
-0.12634091079235076904296875000000000,
0.08963736891746520996093750000000000,
0.25272655487060546875000000000000000,
-0.03966200351715087890625000000000000,
-0.24018700420856475830078125000000000,
0.22459664940834045410156250000000000,
