-0.11776885390281677246093750000000000,
0.21063914895057678222656250000000000,
-0.00620583398267626762390136718750000,
0.13325460255146026611328125000000000,
-0.04245733842253684997558593750000000,
0.06056372076272964477539062500000000,
0.20121037960052490234375000000000000,
0.10542016476392745971679687500000000,
0.04837425798177719116210937500000000,
0.01957429200410842895507812500000000,
0.21738152205944061279296875000000000,
-0.07806880772113800048828125000000000,
0.14838893711566925048828125000000000,
-0.13981229066848754882812500000000000,
-0.05022494867444038391113281250000000,
-0.07687800377607345581054687500000000,
-0.08606211096048355102539062500000000,
0.02410506084561347961425781250000000,
0.09899910539388656616210937500000000,
0.19528734683990478515625000000000000,
