0.06572541594505310058593750000000000,
-0.25416517257690429687500000000000000,
-0.21754007041454315185546875000000000,
0.16544333100318908691406250000000000,
0.28004679083824157714843750000000000,
0.11851593852043151855468750000000000,
0.18625602126121520996093750000000000,
0.25569894909858703613281250000000000,
0.22988280653953552246093750000000000,
-0.22869756817817687988281250000000000,
-0.24357888102531433105468750000000000,
0.28977593779563903808593750000000000,
0.02959591150283813476562500000000000,
0.08716765046119689941406250000000000,
-0.01539859175682067871093750000000000,
-0.13451530039310455322265625000000000,
0.24847611784934997558593750000000000,
-0.25222831964492797851562500000000000,
-0.16874895989894866943359375000000000,
0.01029551029205322265625000000000000,
0.25053992867469787597656250000000000,
-0.28527542948722839355468750000000000,
-0.20075573027133941650390625000000000,
-0.09157945215702056884765625000000000,
0.18675765395164489746093750000000000,
0.07895025610923767089843750000000000,
-0.19511301815509796142578125000000000,
0.04624393582344055175781250000000000,
0.03766483068466186523437500000000000,
-0.00010544061660766601562500000000000,
