0.92411220073699951171875000000000000,0.80081707239151000976562500000000000,0.96278744935989379882812500000000000,0.47138786315917968750000000000000000,1.89725840091705322265625000000000000,1.73817729949951171875000000000000000,2.70733237266540527343750000000000000,1.48471224308013916015625000000000000,1.22107315063476562500000000000000000,0.39895042777061462402343750000000000,0.63311725854873657226562500000000000,-0.32545956969261169433593750000000000,3.45856499671936035156250000000000000,0.44699969887733459472656250000000000,1.47604632377624511718750000000000000,1.37407898902893066406250000000000000,1.11244344711303710937500000000000000,0.83417761325836181640625000000000000,1.49588990211486816406250000000000000,0.50966840982437133789062500000000000,0.72809082269668579101562500000000000,0.51519685983657836914062500000000000,1.61687934398651123046875000000000000,0.74030315876007080078125000000000000,0.36718353629112243652343750000000000,1.06899106502532958984375000000000000,1.27560460567474365234375000000000000,1.58414900302886962890625000000000000,3.54574728012084960937500000000000000,0.72581154108047485351562500000000000,1.18084943294525146484375000000000000,0.79695427417755126953125000000000000,0.31010422110557556152343750000000000,0.00590412598103284835815429687500000,0.98444598913192749023437500000000000,1.00153160095214843750000000000000000,1.62677693367004394531250000000000000,2.21873450279235839843750000000000000,1.70652246475219726562500000000000000,2.78740739822387695312500000000000000,0.25991234183311462402343750000000000,0.19912585616111755371093750000000000,0.43772625923156738281250000000000000,0.60998362302780151367187500000000000,0.66528594493865966796875000000000000,1.35444235801696777343750000000000000,0.87295085191726684570312500000000000,2.68549609184265136718750000000000000,1.95545184612274169921875000000000000,0.11291623860597610473632812500000000
2.83475732803344726562500000000000000,-1.57694792747497558593750000000000000,10.77138233184814453125000000000000000,0.77668458223342895507812500000000000,-0.00832779705524444580078125000000000,-1.42121207714080810546875000000000000,0.21720308065414428710937500000000000,1.33377981185913085937500000000000000,6.29675531387329101562500000000000000,8.96148300170898437500000000000000000,0.59245735406875610351562500000000000,-2.26456236839294433593750000000000000,2.10278940200805664062500000000000000,0.03383675962686538696289062500000000,-1.19915533065795898437500000000000000,-3.13446307182312011718750000000000000,2.62294030189514160156250000000000000,-0.99378794431686401367187500000000000,0.54743188619613647460937500000000000,18.51195716857910156250000000000000000,-3.11906003952026367187500000000000000,3.95441126823425292968750000000000000,-0.81484597921371459960937500000000000,0.04308880493044853210449218750000000,12.88217830657958984375000000000000000,6.22444391250610351562500000000000000,10.40752696990966796875000000000000000,0.46337226033210754394531250000000000,0.26378434896469116210937500000000000,4.54926061630249023437500000000000000,-0.21345554292201995849609375000000000,-1.76419746875762939453125000000000000,30.75599288940429687500000000000000000,-0.53191995620727539062500000000000000,18.70189857482910156250000000000000000,-3.11202907562255859375000000000000000,-1.31308257579803466796875000000000000,0.87374120950698852539062500000000000,-0.34821549057960510253906250000000000,-0.26098796725273132324218750000000000,1.08987808227539062500000000000000000,13.72495460510253906250000000000000000,-0.52468794584274291992187500000000000,5.75181627273559570312500000000000000,1.80866706371307373046875000000000000,1.34980845451354980468750000000000000,-2.17357563972473144531250000000000000,1.82720291614532470703125000000000000,0.36359342932701110839843750000000000,8.03482723236083984375000000000000000
5.99123620986938476562500000000000000,6.44044256210327148437500000000000000,4.93659687042236328125000000000000000,-0.24921455979347229003906250000000000,-0.37675252556800842285156250000000000,-2.11169028282165527343750000000000000,3.35456871986389160156250000000000000,0.91895139217376708984375000000000000,-4.23486423492431640625000000000000000,2.19742155075073242187500000000000000,-0.20711275935173034667968750000000000,-0.99453508853912353515625000000000000,-4.08676576614379882812500000000000000,3.85226988792419433593750000000000000,-0.78962033987045288085937500000000000,-1.75706553459167480468750000000000000,1.20689260959625244140625000000000000,-2.14488601684570312500000000000000000,0.24548269808292388916015625000000000,5.41158533096313476562500000000000000,-1.22656250000000000000000000000000000,1.38051903247833251953125000000000000,-0.79332059621810913085937500000000000,1.98126745223999023437500000000000000,15.52366352081298828125000000000000000,2.65799975395202636718750000000000000,35.28873062133789062500000000000000000,-1.36641013622283935546875000000000000,-1.35429358482360839843750000000000000,3.69017815589904785156250000000000000,4.29257583618164062500000000000000000,6.30741739273071289062500000000000000,-0.71170443296432495117187500000000000,-0.42278707027435302734375000000000000,7.81899833679199218750000000000000000,-0.79339361190795898437500000000000000,-0.53263747692108154296875000000000000,0.44132876396179199218750000000000000,-0.22963188588619232177734375000000000,1.53230941295623779296875000000000000,0.28202834725379943847656250000000000,2.36678338050842285156250000000000000,2.24525403976440429687500000000000000,0.35087731480598449707031250000000000,3.49879789352416992187500000000000000,-0.08567065000534057617187500000000000,1.61646842956542968750000000000000000,1.48943221569061279296875000000000000,-0.69455367326736450195312500000000000,-1.36268913745880126953125000000000000
3.54281759262084960937500000000000000,16.80019569396972656250000000000000000,25.96713256835937500000000000000000000,0.09495751559734344482421875000000000,0.12382736057043075561523437500000000,0.29341453313827514648437500000000000,-1.69027817249298095703125000000000000,6.24713230133056640625000000000000000,9.78600502014160156250000000000000000,5.52518653869628906250000000000000000,0.50824016332626342773437500000000000,-8.17484283447265625000000000000000000,4.44238042831420898437500000000000000,22.48823738098144531250000000000000000,-0.13729877769947052001953125000000000,-2.67291116714477539062500000000000000,0.54089558124542236328125000000000000,28.19923782348632812500000000000000000,0.44265007972717285156250000000000000,29.21268272399902343750000000000000000,-6.32084178924560546875000000000000000,1.70457518100738525390625000000000000,-0.16424717009067535400390625000000000,8.01071929931640625000000000000000000,6.55327653884887695312500000000000000,9.13117694854736328125000000000000000,67.39809417724609375000000000000000000,3.02106952667236328125000000000000000,-1.40261924266815185546875000000000000,-4.50095033645629882812500000000000000,1.50149834156036376953125000000000000,6.57175731658935546875000000000000000,17.38741493225097656250000000000000000,-0.72626239061355590820312500000000000,34.58948135375976562500000000000000000,-2.98804306983947753906250000000000000,-0.88727754354476928710937500000000000,9.24219226837158203125000000000000000,0.17570018768310546875000000000000000,0.58984267711639404296875000000000000,-1.54043507575988769531250000000000000,7.22556352615356445312500000000000000,6.75521421432495117187500000000000000,61.93204498291015625000000000000000000,-0.41231173276901245117187500000000000,2.79684162139892578125000000000000000,3.63377594947814941406250000000000000,1.88124263286590576171875000000000000,0.85005354881286621093750000000000000,-0.01057103555649518966674804687500000
9.36913013458251953125000000000000000,1.87426722049713134765625000000000000,2.91071987152099609375000000000000000,0.13719429075717926025390625000000000,-0.89319020509719848632812500000000000,0.77187424898147583007812500000000000,-0.13738158345222473144531250000000000,2.60271787643432617187500000000000000,5.29997396469116210937500000000000000,20.96254158020019531250000000000000000,-0.10807015001773834228515625000000000,2.87300586700439453125000000000000000,0.73575896024703979492187500000000000,2.91427779197692871093750000000000000,0.10775261372327804565429687500000000,-0.36547610163688659667968750000000000,-0.98168736696243286132812500000000000,-0.37979471683502197265625000000000000,0.73644727468490600585937500000000000,-0.34966844320297241210937500000000000,-2.15900206565856933593750000000000000,5.49979877471923828125000000000000000,-0.40069434046745300292968750000000000,0.42724272608757019042968750000000000,4.20791625976562500000000000000000000,2.13159799575805664062500000000000000,2.66969084739685058593750000000000000,0.74972522258758544921875000000000000,-1.57645153999328613281250000000000000,2.65766143798828125000000000000000000,-0.26492753624916076660156250000000000,1.37524580955505371093750000000000000,2.12274050712585449218750000000000000,0.16520711779594421386718750000000000,3.61982297897338867187500000000000000,0.00022436911240220069885253906250000,-1.72424495220184326171875000000000000,0.93518573045730590820312500000000000,-0.95400404930114746093750000000000000,-1.12398457527160644531250000000000000,0.78294664621353149414062500000000000,2.99880743026733398437500000000000000,4.14197444915771484375000000000000000,-3.74410533905029296875000000000000000,8.11343669891357421875000000000000000,0.90181678533554077148437500000000000,-0.34306633472442626953125000000000000,0.11381458491086959838867187500000000,1.56412529945373535156250000000000000,6.84831142425537109375000000000000000
-0.64536792039871215820312500000000000,0.48946458101272583007812500000000000,0.64903724193572998046875000000000000,1.00628340244293212890625000000000000,9.03384876251220703125000000000000000,3.84264826774597167968750000000000000,-3.09439015388488769531250000000000000,12.16997623443603515625000000000000000,0.51664370298385620117187500000000000,0.83889269828796386718750000000000000,1.77757048606872558593750000000000000,4.78017044067382812500000000000000000,-1.35442376136779785156250000000000000,0.79974925518035888671875000000000000,0.38950869441032409667968750000000000,9.02619838714599609375000000000000000,4.55863618850708007812500000000000000,0.79693037271499633789062500000000000,1.10909509658813476562500000000000000,14.53281116485595703125000000000000000,1.95379817485809326171875000000000000,-1.26301002502441406250000000000000000,0.99759143590927124023437500000000000,3.13986158370971679687500000000000000,5.47540187835693359375000000000000000,0.75416922569274902343750000000000000,0.93841642141342163085937500000000000,-1.60977315902709960937500000000000000,-0.06964639574289321899414062500000000,3.77059507369995117187500000000000000,1.07670462131500244140625000000000000,1.17579305171966552734375000000000000,5.26693820953369140625000000000000000,0.54359483718872070312500000000000000,1.23106670379638671875000000000000000,3.81430149078369140625000000000000000,1.89245331287384033203125000000000000,1.04598259925842285156250000000000000,13.30224704742431640625000000000000000,0.68912339210510253906250000000000000,0.40738922357559204101562500000000000,3.35620260238647460937500000000000000,-5.44947290420532226562500000000000000,1.32082033157348632812500000000000000,0.75711351633071899414062500000000000,5.40691184997558593750000000000000000,-0.70215415954589843750000000000000000,14.68827342987060546875000000000000000,-2.38718938827514648437500000000000000,-1.33256292343139648437500000000000000
13.42198753356933593750000000000000000,3.51748132705688476562500000000000000,3.73021650314331054687500000000000000,-0.43083679676055908203125000000000000,0.36355331540107727050781250000000000,-1.86900782585144042968750000000000000,-1.07349908351898193359375000000000000,-0.55702304840087890625000000000000000,6.38398694992065429687500000000000000,6.09583854675292968750000000000000000,-0.27561187744140625000000000000000000,5.29416370391845703125000000000000000,-1.91027355194091796875000000000000000,1.28618645668029785156250000000000000,-0.68194735050201416015625000000000000,0.88451278209686279296875000000000000,3.65957903861999511718750000000000000,4.92236566543579101562500000000000000,-2.91549229621887207031250000000000000,11.33540534973144531250000000000000000,-5.52901935577392578125000000000000000,6.30286312103271484375000000000000000,-0.62322622537612915039062500000000000,2.38979268074035644531250000000000000,8.86276626586914062500000000000000000,4.63486051559448242187500000000000000,-3.88135576248168945312500000000000000,-0.03959509357810020446777343750000000,2.16059565544128417968750000000000000,11.96352767944335937500000000000000000,1.48329913616180419921875000000000000,2.31020665168762207031250000000000000,11.95605850219726562500000000000000000,-0.07420291006565093994140625000000000,3.42786931991577148437500000000000000,0.20646268129348754882812500000000000,-2.33372950553894042968750000000000000,0.84733641147613525390625000000000000,-1.11452984809875488281250000000000000,0.76738905906677246093750000000000000,5.24215126037597656250000000000000000,5.29300880432128906250000000000000000,0.28533196449279785156250000000000000,-1.12605249881744384765625000000000000,5.56579303741455078125000000000000000,0.82203406095504760742187500000000000,3.15819406509399414062500000000000000,-1.87186074256896972656250000000000000,-1.23708915710449218750000000000000000,6.00728559494018554687500000000000000
1.21192002296447753906250000000000000,0.81810420751571655273437500000000000,1.47821784019470214843750000000000000,0.57274794578552246093750000000000000,1.55672597885131835937500000000000000,1.06429409980773925781250000000000000,2.86215925216674804687500000000000000,1.42811250686645507812500000000000000,1.51935112476348876953125000000000000,0.65016943216323852539062500000000000,0.84767419099807739257812500000000000,-1.90873622894287109375000000000000000,3.25924682617187500000000000000000000,0.45784488320350646972656250000000000,1.40836489200592041015625000000000000,1.45449626445770263671875000000000000,2.46528387069702148437500000000000000,0.95499140024185180664062500000000000,1.84069526195526123046875000000000000,-0.15902182459831237792968750000000000,-0.15805658698081970214843750000000000,0.96763807535171508789062500000000000,1.64484500885009765625000000000000000,0.68216127157211303710937500000000000,0.89617908000946044921875000000000000,1.41955292224884033203125000000000000,1.81923723220825195312500000000000000,1.72005176544189453125000000000000000,2.69043731689453125000000000000000000,0.80547904968261718750000000000000000,1.11266601085662841796875000000000000,0.64898622035980224609375000000000000,0.55001080036163330078125000000000000,-0.12408995628356933593750000000000000,1.24722874164581298828125000000000000,1.25797402858734130859375000000000000,1.23490047454833984375000000000000000,3.43633675575256347656250000000000000,1.50166976451873779296875000000000000,2.88641381263732910156250000000000000,0.60288810729980468750000000000000000,0.41430982947349548339843750000000000,0.79608029127120971679687500000000000,0.67740970849990844726562500000000000,0.98564016819000244140625000000000000,1.61870622634887695312500000000000000,1.00357758998870849609375000000000000,2.92179703712463378906250000000000000,2.18297743797302246093750000000000000,0.31968912482261657714843750000000000
-3.44563603401184082031250000000000000,-7.36000204086303710937500000000000000,23.44608879089355468750000000000000000,0.09767064452171325683593750000000000,-0.08251548558473587036132812500000000,1.77347338199615478515625000000000000,14.82727622985839843750000000000000000,1.41784298419952392578125000000000000,9.45088195800781250000000000000000000,2.92467331886291503906250000000000000,-0.13969238102436065673828125000000000,-1.07314002513885498046875000000000000,18.58040237426757812500000000000000000,1.69108951091766357421875000000000000,0.32481506466865539550781250000000000,20.56081581115722656250000000000000000,-0.73646903038024902343750000000000000,30.00700950622558593750000000000000000,2.34784770011901855468750000000000000,-14.28673076629638671875000000000000000,-4.10558462142944335937500000000000000,-1.16764760017395019531250000000000000,0.02256787382066249847412109375000000,5.14863252639770507812500000000000000,-2.15206527709960937500000000000000000,13.42712306976318359375000000000000000,61.09482192993164062500000000000000000,-5.76809358596801757812500000000000000,-0.30688986182212829589843750000000000,7.80637598037719726562500000000000000,4.61586475372314453125000000000000000,0.70780980587005615234375000000000000,6.74816656112670898437500000000000000,-10.01483821868896484375000000000000000,24.31973075866699218750000000000000000,0.65753674507141113281250000000000000,0.67249274253845214843750000000000000,9.10262107849121093750000000000000000,1.09438455104827880859375000000000000,-0.52055907249450683593750000000000000,-2.81019067764282226562500000000000000,6.16421890258789062500000000000000000,0.96347397565841674804687500000000000,17.14917945861816406250000000000000000,1.17096853256225585937500000000000000,-1.15382456779479980468750000000000000,3.64701056480407714843750000000000000,1.23395872116088867187500000000000000,17.80663108825683593750000000000000000,1.56368422508239746093750000000000000
1.26866209506988525390625000000000000,5.72174119949340820312500000000000000,-1.84639441967010498046875000000000000,0.39232414960861206054687500000000000,0.75593465566635131835937500000000000,2.25264906883239746093750000000000000,1.50256955623626708984375000000000000,-0.24925485253334045410156250000000000,0.22255711257457733154296875000000000,-1.09650588035583496093750000000000000,0.33881106972694396972656250000000000,2.89347958564758300781250000000000000,2.79260587692260742187500000000000000,0.27988260984420776367187500000000000,0.59449565410614013671875000000000000,3.73867344856262207031250000000000000,0.66805458068847656250000000000000000,-2.10531616210937500000000000000000000,1.77030420303344726562500000000000000,0.04776439443230628967285156250000000,0.23467294871807098388671875000000000,-1.67290246486663818359375000000000000,-1.43579006195068359375000000000000000,-0.38893714547157287597656250000000000,0.12030886858701705932617187500000000,-0.74254959821701049804687500000000000,2.68003559112548828125000000000000000,-0.64844560623168945312500000000000000,2.09429168701171875000000000000000000,5.56501245498657226562500000000000000,0.06155512854456901550292968750000000,1.98918712139129638671875000000000000,-0.53022325038909912109375000000000000,0.71640878915786743164062500000000000,-1.61463451385498046875000000000000000,-6.79487752914428710937500000000000000,-0.43912217020988464355468750000000000,0.16450537741184234619140625000000000,1.07588958740234375000000000000000000,0.58866554498672485351562500000000000,-1.33451151847839355468750000000000000,-2.93387198448181152343750000000000000,-8.55068492889404296875000000000000000,-1.97274458408355712890625000000000000,-0.24633851647377014160156250000000000,-0.89471071958541870117187500000000000,3.22312378883361816406250000000000000,1.15398573875427246093750000000000000,0.61747789382934570312500000000000000,-6.87511873245239257812500000000000000
1.25343596935272216796875000000000000,0.72993260622024536132812500000000000,0.60248827934265136718750000000000000,0.53330773115158081054687500000000000,2.12035894393920898437500000000000000,2.27455902099609375000000000000000000,1.18352794647216796875000000000000000,1.13326084613800048828125000000000000,1.06232833862304687500000000000000000,0.46189951896667480468750000000000000,0.57893961668014526367187500000000000,-0.81191468238830566406250000000000000,2.80597472190856933593750000000000000,-0.47880074381828308105468750000000000,0.98116141557693481445312500000000000,1.62812149524688720703125000000000000,0.06442013382911682128906250000000000,0.53158545494079589843750000000000000,0.29637342691421508789062500000000000,0.01197596359997987747192382812500000,1.61563360691070556640625000000000000,0.40142929553985595703125000000000000,0.56621396541595458984375000000000000,0.21960978209972381591796875000000000,0.55325567722320556640625000000000000,0.60615283250808715820312500000000000,1.07857060432434082031250000000000000,1.53647351264953613281250000000000000,5.14173460006713867187500000000000000,1.05373275279998779296875000000000000,0.26194176077842712402343750000000000,0.11870473623275756835937500000000000,0.69617462158203125000000000000000000,1.62416911125183105468750000000000000,0.96792668104171752929687500000000000,1.02723133563995361328125000000000000,1.29159772396087646484375000000000000,-0.31325384974479675292968750000000000,1.45646369457244873046875000000000000,0.06439415365457534790039062500000000,0.40281918644905090332031250000000000,0.75458699464797973632812500000000000,0.67221301794052124023437500000000000,1.74373447895050048828125000000000000,0.59165126085281372070312500000000000,-0.06358413398265838623046875000000000,1.05508005619049072265625000000000000,0.77102380990982055664062500000000000,1.54699909687042236328125000000000000,0.34989580512046813964843750000000000
10.25798034667968750000000000000000000,19.23504638671875000000000000000000000,6.79212951660156250000000000000000000,-0.27375501394271850585937500000000000,0.49424961209297180175781250000000000,0.71778035163879394531250000000000000,4.09211254119873046875000000000000000,1.12221908569335937500000000000000000,-2.19605660438537597656250000000000000,-3.84624958038330078125000000000000000,-0.37683087587356567382812500000000000,-3.62752723693847656250000000000000000,-0.12126741558313369750976562500000000,31.28877258300781250000000000000000000,2.19997382164001464843750000000000000,1.18545818328857421875000000000000000,1.08271694183349609375000000000000000,2.12352538108825683593750000000000000,3.95777201652526855468750000000000000,-2.78989696502685546875000000000000000,-3.23266458511352539062500000000000000,2.87160539627075195312500000000000000,6.05391836166381835937500000000000000,-0.22758838534355163574218750000000000,-0.63312548398971557617187500000000000,7.48966264724731445312500000000000000,16.42411804199218750000000000000000000,-0.67748659849166870117187500000000000,-0.11367741972208023071289062500000000,-5.18914508819580078125000000000000000,7.40712499618530273437500000000000000,0.98067754507064819335937500000000000,-2.45842957496643066406250000000000000,26.12257957458496093750000000000000000,-0.31479108333587646484375000000000000,-0.53577232360839843750000000000000000,4.41616296768188476562500000000000000,4.03823661804199218750000000000000000,-0.46788808703422546386718750000000000,0.73350834846496582031250000000000000,1.71819245815277099609375000000000000,-3.76263523101806640625000000000000000,5.56137323379516601562500000000000000,-2.71849179267883300781250000000000000,-6.46453475952148437500000000000000000,1.01283705234527587890625000000000000,3.58507156372070312500000000000000000,1.14208281040191650390625000000000000,-2.16871237754821777343750000000000000,-1.41639673709869384765625000000000000
1.91188025474548339843750000000000000,1.23441565036773681640625000000000000,-17.55599594116210937500000000000000000,0.00313718942925333976745605468750000,-15.08686447143554687500000000000000000,-6.15473985671997070312500000000000000,0.06448370218276977539062500000000000,-1.21585702896118164062500000000000000,-0.43571627140045166015625000000000000,-3.96739482879638671875000000000000000,-0.02564277313649654388427734375000000,-1.24176621437072753906250000000000000,1.16180729866027832031250000000000000,-0.53580898046493530273437500000000000,-1.63879609107971191406250000000000000,-0.41922101378440856933593750000000000,-1.14524173736572265625000000000000000,-14.09461116790771484375000000000000000,-0.88091033697128295898437500000000000,4.53173542022705078125000000000000000,-6.55977296829223632812500000000000000,2.37422466278076171875000000000000000,-0.51058053970336914062500000000000000,-11.47099876403808593750000000000000000,2.11952400207519531250000000000000000,-16.28442573547363281250000000000000000,-11.55319595336914062500000000000000000,0.14187566936016082763671875000000000,-18.57103347778320312500000000000000000,4.61999702453613281250000000000000000,-0.17997676134109497070312500000000000,-0.84929418563842773437500000000000000,5.57247018814086914062500000000000000,-0.71250820159912109375000000000000000,-21.78624916076660156250000000000000000,0.57889693975448608398437500000000000,-1.41879200935363769531250000000000000,-0.36399978399276733398437500000000000,-9.18222332000732421875000000000000000,-0.72529047727584838867187500000000000,-27.01135253906250000000000000000000000,1.17352187633514404296875000000000000,0.58734780550003051757812500000000000,-20.09129714965820312500000000000000000,-4.58684492111206054687500000000000000,-1.13146603107452392578125000000000000,1.00886905193328857421875000000000000,0.03136543557047843933105468750000000,-0.15540653467178344726562500000000000,1.76504468917846679687500000000000000
-0.04934196919202804565429687500000000,-1.53403091430664062500000000000000000,1.15139579772949218750000000000000000,0.62380677461624145507812500000000000,1.58747088909149169921875000000000000,3.74419140815734863281250000000000000,-0.00839367602020502090454101562500000,5.08000802993774414062500000000000000,7.08996343612670898437500000000000000,0.58458065986633300781250000000000000,0.63341337442398071289062500000000000,1.36431908607482910156250000000000000,-1.41341280937194824218750000000000000,-2.14495539665222167968750000000000000,1.11673605442047119140625000000000000,-8.63304710388183593750000000000000000,-0.57789307832717895507812500000000000,1.23886799812316894531250000000000000,0.35130512714385986328125000000000000,6.56653118133544921875000000000000000,3.55531001091003417968750000000000000,1.52765834331512451171875000000000000,0.54838365316390991210937500000000000,5.25742483139038085937500000000000000,0.57035118341445922851562500000000000,1.02654206752777099609375000000000000,1.09819352626800537109375000000000000,1.08905029296875000000000000000000000,8.76966857910156250000000000000000000,0.57440620660781860351562500000000000,5.50842714309692382812500000000000000,0.70645552873611450195312500000000000,1.85863411426544189453125000000000000,-3.88397240638732910156250000000000000,1.31769096851348876953125000000000000,0.87099182605743408203125000000000000,3.24608802795410156250000000000000000,2.24219870567321777343750000000000000,2.11073708534240722656250000000000000,1.39213275909423828125000000000000000,-0.41245871782302856445312500000000000,10.96887016296386718750000000000000000,-1.60123693943023681640625000000000000,0.78896874189376831054687500000000000,0.74734246730804443359375000000000000,-2.66297245025634765625000000000000000,0.47682771086692810058593750000000000,4.00482606887817382812500000000000000,-1.00022101402282714843750000000000000,3.26151537895202636718750000000000000
4.56923961639404296875000000000000000,1.65970277786254882812500000000000000,7.28973245620727539062500000000000000,0.07496359944343566894531250000000000,-0.14616851508617401123046875000000000,0.04347951337695121765136718750000000,0.05203428119421005249023437500000000,0.69577789306640625000000000000000000,-0.11427621543407440185546875000000000,-3.92304158210754394531250000000000000,0.11507314443588256835937500000000000,0.43104285001754760742187500000000000,0.03030511178076267242431640625000000,1.04669499397277832031250000000000000,-0.00674423715099692344665527343750000,-0.08574277907609939575195312500000000,0.26344805955886840820312500000000000,6.56335163116455078125000000000000000,-0.54769027233123779296875000000000000,-0.76883721351623535156250000000000000,0.24781802296638488769531250000000000,4.00703859329223632812500000000000000,-1.81386935710906982421875000000000000,1.70360934734344482421875000000000000,3.12671303749084472656250000000000000,0.75519043207168579101562500000000000,32.22411346435546875000000000000000000,0.20402051508426666259765625000000000,1.03842282295227050781250000000000000,-2.23313117027282714843750000000000000,0.13055765628814697265625000000000000,0.52189314365386962890625000000000000,8.30876731872558593750000000000000000,0.16057434678077697753906250000000000,3.71738457679748535156250000000000000,8.09736633300781250000000000000000000,-0.92895942926406860351562500000000000,-0.01983281038701534271240234375000000,-0.02517203614115715026855468750000000,0.46956744790077209472656250000000000,0.35992884635925292968750000000000000,-0.90061730146408081054687500000000000,1.00900375843048095703125000000000000,10.76636028289794921875000000000000000,-1.81734955310821533203125000000000000,0.09487085044384002685546875000000000,2.74037146568298339843750000000000000,0.08110214769840240478515625000000000,-0.64805370569229125976562500000000000,2.98533487319946289062500000000000000
9.53446388244628906250000000000000000,-1.61023116111755371093750000000000000,11.27119541168212890625000000000000000,1.78799450397491455078125000000000000,-0.21848051249980926513671875000000000,-0.78861165046691894531250000000000000,0.48064771294593811035156250000000000,16.01738166809082031250000000000000000,12.33512878417968750000000000000000000,3.31291818618774414062500000000000000,1.95650386810302734375000000000000000,7.74323606491088867187500000000000000,2.11657714843750000000000000000000000,2.05719923973083496093750000000000000,-0.36626330018043518066406250000000000,-7.01888799667358398437500000000000000,3.21165847778320312500000000000000000,13.89520263671875000000000000000000000,-0.14612750709056854248046875000000000,14.97484302520751953125000000000000000,-3.28524756431579589843750000000000000,6.02230596542358398437500000000000000,-0.01688003353774547576904296875000000,14.42200565338134765625000000000000000,9.96209526062011718750000000000000000,10.64198684692382812500000000000000000,1.42118430137634277343750000000000000,8.31108665466308593750000000000000000,-0.33702355623245239257812500000000000,6.22196626663208007812500000000000000,-1.09157860279083251953125000000000000,-1.84507966041564941406250000000000000,12.53535461425781250000000000000000000,-0.26639530062675476074218750000000000,12.49477767944335937500000000000000000,0.63844704627990722656250000000000000,-0.93277293443679809570312500000000000,-0.37032693624496459960937500000000000,-0.26263773441314697265625000000000000,1.50334930419921875000000000000000000,1.35936784744262695312500000000000000,11.27620506286621093750000000000000000,-0.23612776398658752441406250000000000,11.57736015319824218750000000000000000,3.15805602073669433593750000000000000,2.93119382858276367187500000000000000,8.55302619934082031250000000000000000,0.37062555551528930664062500000000000,0.56031185388565063476562500000000000,8.91861438751220703125000000000000000
0.21703048050403594970703125000000000,-0.32445925474166870117187500000000000,-1.87662088871002197265625000000000000,-0.24109065532684326171875000000000000,0.38082644343376159667968750000000000,-0.35244235396385192871093750000000000,-0.05862110853195190429687500000000000,0.54501086473464965820312500000000000,-0.49201515316963195800781250000000000,0.70678967237472534179687500000000000,-0.25118234753608703613281250000000000,-0.05222440138459205627441406250000000,-0.27181267738342285156250000000000000,0.55761182308197021484375000000000000,-0.43602812290191650390625000000000000,0.18912981450557708740234375000000000,0.28400644659996032714843750000000000,2.59581232070922851562500000000000000,0.09691168367862701416015625000000000,-0.13155990839004516601562500000000000,0.22479888796806335449218750000000000,-1.57618677616119384765625000000000000,-1.49660706520080566406250000000000000,0.99860328435897827148437500000000000,0.81701695919036865234375000000000000,0.99903374910354614257812500000000000,2.60762572288513183593750000000000000,-0.29759791493415832519531250000000000,0.05709094926714897155761718750000000,0.23210081458091735839843750000000000,-0.05127603188157081604003906250000000,-3.83062744140625000000000000000000000,1.11533868312835693359375000000000000,-0.10134306550025939941406250000000000,-0.61739814281463623046875000000000000,0.15952044725418090820312500000000000,-0.39765506982803344726562500000000000,0.18455828726291656494140625000000000,0.32439759373664855957031250000000000,-0.50739336013793945312500000000000000,0.15553592145442962646484375000000000,1.38252961635589599609375000000000000,-7.59257173538208007812500000000000000,0.53962141275405883789062500000000000,0.63841599225997924804687500000000000,0.99747276306152343750000000000000000,-0.88452631235122680664062500000000000,0.66395902633666992187500000000000000,0.24514560401439666748046875000000000,1.50983619689941406250000000000000000
7.31249952316284179687500000000000000,1.32033443450927734375000000000000000,1.33698296546936035156250000000000000,0.00618343474343419075012207031250000,-1.67858862876892089843750000000000000,1.93427991867065429687500000000000000,-0.82980781793594360351562500000000000,2.63891673088073730468750000000000000,5.71438837051391601562500000000000000,-0.75169503688812255859375000000000000,-0.00599265843629837036132812500000000,-1.76564168930053710937500000000000000,1.45626223087310791015625000000000000,3.36802268028259277343750000000000000,-2.94044589996337890625000000000000000,2.05935573577880859375000000000000000,-1.78351306915283203125000000000000000,1.63202011585235595703125000000000000,2.96037936210632324218750000000000000,-3.54534125328063964843750000000000000,0.28793394565582275390625000000000000,9.24083137512207031250000000000000000,-2.77763152122497558593750000000000000,-0.37480971217155456542968750000000000,2.37594985961914062500000000000000000,1.11117494106292724609375000000000000,12.46639728546142578125000000000000000,1.76467847824096679687500000000000000,-0.73739224672317504882812500000000000,5.33990907669067382812500000000000000,-0.97323364019393920898437500000000000,2.15125465393066406250000000000000000,2.89598727226257324218750000000000000,0.33692565560340881347656250000000000,0.99599176645278930664062500000000000,0.82161664962768554687500000000000000,-1.75978600978851318359375000000000000,-2.62342786788940429687500000000000000,-1.16199529170989990234375000000000000,0.59537065029144287109375000000000000,-0.24662809073925018310546875000000000,-0.74270987510681152343750000000000000,11.29461765289306640625000000000000000,0.15056398510932922363281250000000000,1.24028587341308593750000000000000000,-0.05027740448713302612304687500000000,4.85407590866088867187500000000000000,1.93706357479095458984375000000000000,-0.75241488218307495117187500000000000,7.22236776351928710937500000000000000
-1.03915929794311523437500000000000000,-0.14724905788898468017578125000000000,3.53808546066284179687500000000000000,0.03027365729212760925292968750000000,0.31528723239898681640625000000000000,11.66853427886962890625000000000000000,0.16815462708473205566406250000000000,-0.12161849439144134521484375000000000,-0.53414076566696166992187500000000000,0.00300444127060472965240478515625000,0.04588935151696205139160156250000000,1.22140741348266601562500000000000000,-0.02004844509065151214599609375000000,-2.69654273986816406250000000000000000,0.46498778462409973144531250000000000,0.19006045162677764892578125000000000,1.06868159770965576171875000000000000,-4.53072977066040039062500000000000000,0.88760858774185180664062500000000000,0.47189658880233764648437500000000000,-2.55944347381591796875000000000000000,-4.81120252609252929687500000000000000,2.49798345565795898437500000000000000,-0.34404495358467102050781250000000000,1.14296126365661621093750000000000000,-3.44186234474182128906250000000000000,20.92725372314453125000000000000000000,-0.44451847672462463378906250000000000,2.14525842666625976562500000000000000,-2.22173762321472167968750000000000000,0.02198774553835391998291015625000000,-1.44469463825225830078125000000000000,-2.68217945098876953125000000000000000,0.45411065220832824707031250000000000,-2.77815485000610351562500000000000000,1.37718951702117919921875000000000000,2.11880588531494140625000000000000000,0.15774431824684143066406250000000000,1.29720890522003173828125000000000000,-0.11327634751796722412109375000000000,-0.26415538787841796875000000000000000,-1.86034905910491943359375000000000000,-4.27640199661254882812500000000000000,-4.37746000289916992187500000000000000,1.39312601089477539062500000000000000,-0.07160787284374237060546875000000000,-0.75093454122543334960937500000000000,-0.39655351638793945312500000000000000,0.34901824593544006347656250000000000,-6.52172899246215820312500000000000000
2.96405315399169921875000000000000000,3.62791657447814941406250000000000000,5.34136152267456054687500000000000000,0.05975056067109107971191406250000000,-1.41478109359741210937500000000000000,-5.20888566970825195312500000000000000,1.58905541896820068359375000000000000,-1.54981172084808349609375000000000000,0.01061087474226951599121093750000000,-0.05810031294822692871093750000000000,0.17974901199340820312500000000000000,0.44272223114967346191406250000000000,2.32824182510375976562500000000000000,0.14853650331497192382812500000000000,-0.64102125167846679687500000000000000,-0.10092042386531829833984375000000000,-2.09289836883544921875000000000000000,4.56874132156372070312500000000000000,5.95186138153076171875000000000000000,2.53340697288513183593750000000000000,0.10623749345541000366210937500000000,8.47323703765869140625000000000000000,-3.45012450218200683593750000000000000,-1.67553508281707763671875000000000000,-8.40283679962158203125000000000000000,3.34199547767639160156250000000000000,33.34172439575195312500000000000000000,0.87376046180725097656250000000000000,-2.83748817443847656250000000000000000,6.30885457992553710937500000000000000,-0.44975718855857849121093750000000000,-2.12353444099426269531250000000000000,-8.76098060607910156250000000000000000,0.31460192799568176269531250000000000,3.32336974143981933593750000000000000,-1.48193967342376708984375000000000000,-2.48393225669860839843750000000000000,1.01560246944427490234375000000000000,-0.52910500764846801757812500000000000,0.33370384573936462402343750000000000,-0.40683409571647644042968750000000000,-4.24787855148315429687500000000000000,9.47809886932373046875000000000000000,5.06940746307373046875000000000000000,2.88074731826782226562500000000000000,-1.46487057209014892578125000000000000,7.11621332168579101562500000000000000,-1.49502682685852050781250000000000000,-1.75137186050415039062500000000000000,3.46330595016479492187500000000000000
2.44340157508850097656250000000000000,-0.00044757817522622644901275634765625,3.09426474571228027343750000000000000,-0.35308584570884704589843750000000000,-1.69955956935882568359375000000000000,-0.16052757203578948974609375000000000,-0.03817617893218994140625000000000000,-0.59269487857818603515625000000000000,-0.01290948037058115005493164062500000,-0.55899649858474731445312500000000000,-0.30494946241378784179687500000000000,0.09754701703786849975585937500000000,-0.14287647604942321777343750000000000,-0.26022511720657348632812500000000000,-0.17148979008197784423828125000000000,0.25956693291664123535156250000000000,-0.93086171150207519531250000000000000,2.94069385528564453125000000000000000,-0.30055409669876098632812500000000000,-0.45573177933692932128906250000000000,0.88779044151306152343750000000000000,2.64752507209777832031250000000000000,-1.06040072441101074218750000000000000,1.01842451095581054687500000000000000,-0.59440505504608154296875000000000000,-0.11739189922809600830078125000000000,-7.34407234191894531250000000000000000,0.17435921728610992431640625000000000,-1.54095494747161865234375000000000000,-0.53265225887298583984375000000000000,-0.11431116610765457153320312500000000,-0.46528553962707519531250000000000000,-0.44422200322151184082031250000000000,-0.05596772208809852600097656250000000,1.07948577404022216796875000000000000,-0.21247087419033050537109375000000000,-1.42021656036376953125000000000000000,-0.27769023180007934570312500000000000,-1.56312429904937744140625000000000000,-0.63564425706863403320312500000000000,2.98263359069824218750000000000000000,0.62546896934509277343750000000000000,0.33658573031425476074218750000000000,-0.14272327721118927001953125000000000,-3.85641646385192871093750000000000000,-0.60247313976287841796875000000000000,1.75268578529357910156250000000000000,-0.14139558374881744384765625000000000,-0.08165594190359115600585937500000000,4.43800163269042968750000000000000000
1.34117352962493896484375000000000000,-0.04006727784872055053710937500000000,8.59739303588867187500000000000000000,0.29503297805786132812500000000000000,0.53879433870315551757812500000000000,-0.73838257789611816406250000000000000,-0.10220245271921157836914062500000000,0.50483930110931396484375000000000000,2.58765530586242675781250000000000000,-6.55124425888061523437500000000000000,0.16145350039005279541015625000000000,0.63682228326797485351562500000000000,-0.07326182723045349121093750000000000,-0.84639453887939453125000000000000000,-0.65741580724716186523437500000000000,-0.23883782327175140380859375000000000,2.53142738342285156250000000000000000,14.90943527221679687500000000000000000,-0.38707286119461059570312500000000000,33.19597244262695312500000000000000000,1.49572312831878662109375000000000000,1.90120291709899902343750000000000000,-1.38355433940887451171875000000000000,4.09095954895019531250000000000000000,13.37668323516845703125000000000000000,1.17103958129882812500000000000000000,27.39932823181152343750000000000000000,0.58593082427978515625000000000000000,0.08029279857873916625976562500000000,-8.15846157073974609375000000000000000,0.04751126095652580261230468750000000,1.17114055156707763671875000000000000,21.66367149353027343750000000000000000,0.07235903292894363403320312500000000,4.66353416442871093750000000000000000,-1.17261588573455810546875000000000000,-0.52352708578109741210937500000000000,-0.29389664530754089355468750000000000,-0.66208165884017944335937500000000000,0.49656674265861511230468750000000000,0.30440887808799743652343750000000000,3.88557982444763183593750000000000000,-2.27554631233215332031250000000000000,32.93925094604492187500000000000000000,-5.38992357254028320312500000000000000,0.46068763732910156250000000000000000,-0.22939823567867279052734375000000000,0.39732655882835388183593750000000000,-0.31784141063690185546875000000000000,4.62884044647216796875000000000000000
2.15592837333679199218750000000000000,5.35629320144653320312500000000000000,10.00664901733398437500000000000000000,0.46427056193351745605468750000000000,2.01644492149353027343750000000000000,4.67481756210327148437500000000000000,-0.55066144466400146484375000000000000,-1.33217406272888183593750000000000000,-0.80143469572067260742187500000000000,-7.25419855117797851562500000000000000,0.67093598842620849609375000000000000,0.60765820741653442382812500000000000,-1.36830973625183105468750000000000000,4.53316354751586914062500000000000000,5.32411098480224609375000000000000000,0.87416601181030273437500000000000000,0.62519222497940063476562500000000000,7.18853807449340820312500000000000000,-1.04184913635253906250000000000000000,0.19733542203903198242187500000000000,-0.75629699230194091796875000000000000,1.33547282218933105468750000000000000,-1.71042168140411376953125000000000000,-1.43439483642578125000000000000000000,-3.08865761756896972656250000000000000,11.67510128021240234375000000000000000,13.17249774932861328125000000000000000,0.71583181619644165039062500000000000,2.15243458747863769531250000000000000,-0.06925838440656661987304687500000000,-1.41597330570220947265625000000000000,9.97160243988037109375000000000000000,5.77978086471557617187500000000000000,0.29036238789558410644531250000000000,-2.42075777053833007812500000000000000,2.44654560089111328125000000000000000,4.63920736312866210937500000000000000,1.14456629753112792968750000000000000,3.93766117095947265625000000000000000,-2.16540431976318359375000000000000000,9.77617168426513671875000000000000000,-0.33081203699111938476562500000000000,-2.46231913566589355468750000000000000,1.67934358119964599609375000000000000,5.69679403305053710937500000000000000,-0.94285649061203002929687500000000000,3.10868167877197265625000000000000000,0.76060551404953002929687500000000000,1.20828652381896972656250000000000000,2.09269976615905761718750000000000000
4.11652517318725585937500000000000000,-3.29077529907226562500000000000000000,0.54735672473907470703125000000000000,0.30054140090942382812500000000000000,0.79762655496597290039062500000000000,0.53521120548248291015625000000000000,0.55971157550811767578125000000000000,0.22120109200477600097656250000000000,9.58499240875244140625000000000000000,7.69192647933959960937500000000000000,0.23165529966354370117187500000000000,-1.35424554347991943359375000000000000,4.39906835556030273437500000000000000,-1.70351099967956542968750000000000000,0.39628478884696960449218750000000000,0.22606515884399414062500000000000000,0.56277704238891601562500000000000000,-2.23608994483947753906250000000000000,-0.00379515415988862514495849609375000,0.98454117774963378906250000000000000,1.52105939388275146484375000000000000,2.08740592002868652343750000000000000,0.13684272766113281250000000000000000,0.01315977424383163452148437500000000,1.49213397502899169921875000000000000,-0.69196230173110961914062500000000000,3.13684535026550292968750000000000000,0.70174801349639892578125000000000000,-1.01380562782287597656250000000000000,3.54989504814147949218750000000000000,-0.50696164369583129882812500000000000,-0.87939143180847167968750000000000000,1.94012951850891113281250000000000000,-1.15252768993377685546875000000000000,0.61734354496002197265625000000000000,-1.17580378055572509765625000000000000,2.02963972091674804687500000000000000,1.29094493389129638671875000000000000,2.26547360420227050781250000000000000,-0.70770364999771118164062500000000000,-1.80417835712432861328125000000000000,-2.96908974647521972656250000000000000,-9.59170532226562500000000000000000000,-1.00867593288421630859375000000000000,1.48087942600250244140625000000000000,-1.60716271400451660156250000000000000,-3.20579504966735839843750000000000000,1.82337105274200439453125000000000000,0.95977598428726196289062500000000000,6.57880926132202148437500000000000000
1.24602985382080078125000000000000000,0.37708169221878051757812500000000000,4.86174058914184570312500000000000000,0.24718834459781646728515625000000000,-1.24933671951293945312500000000000000,-0.74878329038619995117187500000000000,0.01086576469242572784423828125000000,0.50584262609481811523437500000000000,0.23422834277153015136718750000000000,-4.92702913284301757812500000000000000,0.30826583504676818847656250000000000,0.34056597948074340820312500000000000,-0.24782882630825042724609375000000000,-0.43705904483795166015625000000000000,-0.64467549324035644531250000000000000,-0.50722175836563110351562500000000000,-0.79856497049331665039062500000000000,2.89708614349365234375000000000000000,-0.72150528430938720703125000000000000,0.07900864630937576293945312500000000,-0.20971864461898803710937500000000000,4.51374673843383789062500000000000000,-0.66181141138076782226562500000000000,1.50904583930969238281250000000000000,-3.23280572891235351562500000000000000,0.56125563383102416992187500000000000,2.51865410804748535156250000000000000,0.06844809651374816894531250000000000,-0.04235823825001716613769531250000000,-0.11080596596002578735351562500000000,0.01195899397134780883789062500000000,0.99026668071746826171875000000000000,-3.47507882118225097656250000000000000,-0.04808916896581649780273437500000000,1.59757292270660400390625000000000000,1.45391035079956054687500000000000000,-1.00725996494293212890625000000000000,-0.33289730548858642578125000000000000,-0.78594553470611572265625000000000000,0.57101607322692871093750000000000000,1.24938464164733886718750000000000000,1.28905916213989257812500000000000000,2.28772974014282226562500000000000000,2.77862405776977539062500000000000000,5.83962774276733398437500000000000000,0.46641266345977783203125000000000000,0.91978174448013305664062500000000000,0.71299076080322265625000000000000000,-0.09510839730501174926757812500000000,4.74390459060668945312500000000000000
11.60076522827148437500000000000000000,9.31300258636474609375000000000000000,1.00665700435638427734375000000000000,0.40309301018714904785156250000000000,0.40078842639923095703125000000000000,3.09602284431457519531250000000000000,-1.09876549243927001953125000000000000,0.59095913171768188476562500000000000,2.68424916267395019531250000000000000,4.39002227783203125000000000000000000,0.56614565849304199218750000000000000,-4.07906341552734375000000000000000000,5.38846349716186523437500000000000000,-0.83178901672363281250000000000000000,0.22290986776351928710937500000000000,-12.26272583007812500000000000000000000,-0.10786069929599761962890625000000000,-0.76471364498138427734375000000000000,-0.48494133353233337402343750000000000,-2.53063154220581054687500000000000000,3.37676954269409179687500000000000000,3.16681241989135742187500000000000000,0.75135314464569091796875000000000000,-1.33724725246429443359375000000000000,4.63545989990234375000000000000000000,1.46091806888580322265625000000000000,0.61786603927612304687500000000000000,-2.90233898162841796875000000000000000,6.34915113449096679687500000000000000,5.85184907913208007812500000000000000,-1.06727564334869384765625000000000000,-4.28433752059936523437500000000000000,13.39299678802490234375000000000000000,-1.10068309307098388671875000000000000,-4.85199689865112304687500000000000000,-1.59747993946075439453125000000000000,2.62756276130676269531250000000000000,-0.66192555427551269531250000000000000,1.34017360210418701171875000000000000,0.73595058917999267578125000000000000,1.15175700187683105468750000000000000,0.07666298747062683105468750000000000,0.72568041086196899414062500000000000,0.73222291469573974609375000000000000,0.62793821096420288085937500000000000,-1.89155209064483642578125000000000000,3.69832706451416015625000000000000000,1.16854381561279296875000000000000000,3.02665448188781738281250000000000000,2.60704636573791503906250000000000000
13.86555480957031250000000000000000000,8.88508796691894531250000000000000000,1.60684299468994140625000000000000000,1.22372889518737792968750000000000000,-0.07343070209026336669921875000000000,-0.61206054687500000000000000000000000,-1.90816247463226318359375000000000000,1.77485537528991699218750000000000000,11.52178287506103515625000000000000000,6.38775682449340820312500000000000000,1.06274104118347167968750000000000000,-5.09691238403320312500000000000000000,6.58260345458984375000000000000000000,13.54479694366455078125000000000000000,-0.40693259239196777343750000000000000,7.36366319656372070312500000000000000,2.35010552406311035156250000000000000,1.56906616687774658203125000000000000,1.28565454483032226562500000000000000,12.26720523834228515625000000000000000,-1.54389667510986328125000000000000000,9.74913120269775390625000000000000000,-0.19055984914302825927734375000000000,3.95846247673034667968750000000000000,12.44686794281005859375000000000000000,-4.58804798126220703125000000000000000,10.49275398254394531250000000000000000,10.37945556640625000000000000000000000,-0.90582251548767089843750000000000000,7.43263626098632812500000000000000000,-0.58024364709854125976562500000000000,0.25642395019531250000000000000000000,19.51602363586425781250000000000000000,-0.04976369440555572509765625000000000,12.73706626892089843750000000000000000,3.27320718765258789062500000000000000,-1.21525168418884277343750000000000000,2.41431927680969238281250000000000000,-0.13886347413063049316406250000000000,5.06744718551635742187500000000000000,-0.66522330045700073242187500000000000,12.14592075347900390625000000000000000,1.66551220417022705078125000000000000,-2.04863214492797851562500000000000000,2.33397221565246582031250000000000000,1.35881805419921875000000000000000000,13.62676239013671875000000000000000000,-0.78781288862228393554687500000000000,4.09767484664916992187500000000000000,11.91103744506835937500000000000000000
1.18064582347869873046875000000000000,0.05970367416739463806152343750000000,1.98314189910888671875000000000000000,-0.27992776036262512207031250000000000,-1.67942714691162109375000000000000000,4.47736406326293945312500000000000000,-0.15173751115798950195312500000000000,-0.85072237253189086914062500000000000,-0.21587687730789184570312500000000000,0.26203581690788269042968750000000000,-0.27669742703437805175781250000000000,-0.03751426935195922851562500000000000,-0.10744278132915496826171875000000000,-0.90102708339691162109375000000000000,-0.02088580466806888580322265625000000,0.01588216982781887054443359375000000,-1.62911260128021240234375000000000000,0.42023831605911254882812500000000000,-0.51575243473052978515625000000000000,0.11995327472686767578125000000000000,-0.67268496751785278320312500000000000,3.55255055427551269531250000000000000,-3.35702586174011230468750000000000000,-0.92519080638885498046875000000000000,-0.40241250395774841308593750000000000,0.16235041618347167968750000000000000,5.37536811828613281250000000000000000,0.15112607181072235107421875000000000,0.86191511154174804687500000000000000,1.33348321914672851562500000000000000,0.00354458391666412353515625000000000,3.25128221511840820312500000000000000,-0.19405561685562133789062500000000000,1.30792689323425292968750000000000000,2.99843168258666992187500000000000000,-1.30229353904724121093750000000000000,-2.53103756904602050781250000000000000,-0.34392535686492919921875000000000000,-0.77561265230178833007812500000000000,-0.06148532032966613769531250000000000,0.01874026469886302947998046875000000,0.74689024686813354492187500000000000,-0.19051647186279296875000000000000000,1.15349459648132324218750000000000000,-1.55346953868865966796875000000000000,-1.21041774749755859375000000000000000,0.16003221273422241210937500000000000,-1.19168305397033691406250000000000000,-0.00292464019730687141418457031250000,4.54232549667358398437500000000000000
20.43567848205566406250000000000000000,4.23535871505737304687500000000000000,5.33627843856811523437500000000000000,0.78065943717956542968750000000000000,-0.42855310440063476562500000000000000,-0.78905171155929565429687500000000000,23.66814994812011718750000000000000000,1.65786921977996826171875000000000000,58.88047027587890625000000000000000000,0.04768174886703491210937500000000000,0.45530450344085693359375000000000000,-0.31565839052200317382812500000000000,17.44235038757324218750000000000000000,49.34828948974609375000000000000000000,0.45424839854240417480468750000000000,2.16869783401489257812500000000000000,0.63626289367675781250000000000000000,6.65287828445434570312500000000000000,-0.09442105889320373535156250000000000,1.30309522151947021484375000000000000,-3.11777257919311523437500000000000000,13.36549758911132812500000000000000000,0.47610753774642944335937500000000000,-2.42771697044372558593750000000000000,30.42028617858886718750000000000000000,11.86017990112304687500000000000000000,28.00903320312500000000000000000000000,-0.58649098873138427734375000000000000,-0.32766219973564147949218750000000000,9.53948116302490234375000000000000000,6.13262605667114257812500000000000000,-2.17428135871887207031250000000000000,11.60934066772460937500000000000000000,1.42426979541778564453125000000000000,-10.88446712493896484375000000000000000,0.97160226106643676757812500000000000,-0.33734086155891418457031250000000000,0.03198507055640220642089843750000000,-0.41575214266777038574218750000000000,2.66222953796386718750000000000000000,2.35036468505859375000000000000000000,29.48870849609375000000000000000000000,2.42161393165588378906250000000000000,-1.91121721267700195312500000000000000,2.39532184600830078125000000000000000,1.22179949283599853515625000000000000,26.95683860778808593750000000000000000,-2.52563667297363281250000000000000000,10.41605281829833984375000000000000000,19.30946731567382812500000000000000000
-0.14202515780925750732421875000000000,0.02705948613584041595458984375000000,16.53854751586914062500000000000000000,0.05771159380674362182617187500000000,0.53764063119888305664062500000000000,-0.30183145403861999511718750000000000,-0.03174228221178054809570312500000000,1.20362067222595214843750000000000000,-1.47116768360137939453125000000000000,19.83049964904785156250000000000000000,0.13216242194175720214843750000000000,0.38370835781097412109375000000000000,-0.59715139865875244140625000000000000,0.35972577333450317382812500000000000,-0.32869672775268554687500000000000000,0.30814519524574279785156250000000000,1.90526664257049560546875000000000000,15.26224803924560546875000000000000000,0.21506138145923614501953125000000000,11.25054836273193359375000000000000000,0.31946024298667907714843750000000000,0.69972455501556396484375000000000000,-0.53494566679000854492187500000000000,7.79190301895141601562500000000000000,7.39488983154296875000000000000000000,7.32656621932983398437500000000000000,12.68698883056640625000000000000000000,-0.05057850480079650878906250000000000,0.10985953360795974731445312500000000,-3.69262552261352539062500000000000000,0.02159254439175128936767578125000000,0.04391610622406005859375000000000000,2.78523278236389160156250000000000000,0.05874915421009063720703125000000000,24.71388816833496093750000000000000000,0.07693540304899215698242187500000000,-0.37566208839416503906250000000000000,-0.01882111653685569763183593750000000,-0.34722197055816650390625000000000000,-0.15863578021526336669921875000000000,0.37488421797752380371093750000000000,0.56856256723403930664062500000000000,-1.37577557563781738281250000000000000,2.62284874916076660156250000000000000,-10.47622871398925781250000000000000000,1.25852799415588378906250000000000000,0.17072683572769165039062500000000000,0.50449693202972412109375000000000000,-0.02097131870687007904052734375000000,-1.24614667892456054687500000000000000
1.29592394828796386718750000000000000,0.77694243192672729492187500000000000,-2.95269298553466796875000000000000000,-0.08442538976669311523437500000000000,0.10032641142606735229492187500000000,-4.13639879226684570312500000000000000,0.08915103226900100708007812500000000,-0.36650320887565612792968750000000000,2.26378202438354492187500000000000000,0.30175533890724182128906250000000000,-0.09915135800838470458984375000000000,-0.37163120508193969726562500000000000,0.19783157110214233398437500000000000,1.09193992614746093750000000000000000,-1.57969403266906738281250000000000000,-0.23200204968452453613281250000000000,-1.65697121620178222656250000000000000,2.28315949440002441406250000000000000,-0.19515520334243774414062500000000000,-0.12222260236740112304687500000000000,0.36290022730827331542968750000000000,4.35403680801391601562500000000000000,-0.54761838912963867187500000000000000,-0.46900409460067749023437500000000000,1.86828041076660156250000000000000000,-1.36658120155334472656250000000000000,-3.25349450111389160156250000000000000,-0.02146154642105102539062500000000000,-0.28460374474525451660156250000000000,-1.07118856906890869140625000000000000,-0.01412098482251167297363281250000000,0.06169162690639495849609375000000000,0.69682723283767700195312500000000000,0.11624803394079208374023437500000000,-0.46127620339393615722656250000000000,3.72761535644531250000000000000000000,-0.21124359965324401855468750000000000,0.01728460192680358886718750000000000,-3.21248984336853027343750000000000000,-0.27115714550018310546875000000000000,-3.87454128265380859375000000000000000,1.47758245468139648437500000000000000,-0.39771974086761474609375000000000000,-0.51908385753631591796875000000000000,0.66818088293075561523437500000000000,0.26061460375785827636718750000000000,1.26004517078399658203125000000000000,-0.37625056505203247070312500000000000,-0.02131440304219722747802734375000000,5.76362228393554687500000000000000000
15.34404659271240234375000000000000000,13.37932491302490234375000000000000000,3.81212854385375976562500000000000000,-0.69844222068786621093750000000000000,0.29679265618324279785156250000000000,11.62599086761474609375000000000000000,0.17208698391914367675781250000000000,-0.05344498530030250549316406250000000,43.52402877807617187500000000000000000,-19.30208969116210937500000000000000000,-0.76080220937728881835937500000000000,1.39864504337310791015625000000000000,7.69483995437622070312500000000000000,59.01986694335937500000000000000000000,3.18682408332824707031250000000000000,22.46316719055175781250000000000000000,0.24911659955978393554687500000000000,3.50864243507385253906250000000000000,1.41515219211578369140625000000000000,-1.59726941585540771484375000000000000,1.58005225658416748046875000000000000,2.28669261932373046875000000000000000,1.72565877437591552734375000000000000,-0.94107115268707275390625000000000000,-4.10179519653320312500000000000000000,4.11736679077148437500000000000000000,10.05250358581542968750000000000000000,-0.56161820888519287109375000000000000,-1.14556169509887695312500000000000000,-0.35141885280609130859375000000000000,-1.62326216697692871093750000000000000,-0.27118948101997375488281250000000000,1.56333863735198974609375000000000000,0.05612633004784584045410156250000000,-6.30586767196655273437500000000000000,1.07512247562408447265625000000000000,8.83727931976318359375000000000000000,4.61929559707641601562500000000000000,1.77493858337402343750000000000000000,-1.94645953178405761718750000000000000,4.44772052764892578125000000000000000,-5.71212100982666015625000000000000000,-2.00159049034118652343750000000000000,9.66954040527343750000000000000000000,-11.80594921112060546875000000000000000,0.00503746140748262405395507812500000,16.78930854797363281250000000000000000,-0.05252702534198760986328125000000000,-1.23359751701354980468750000000000000,1.79571270942687988281250000000000000
1.07658445835113525390625000000000000,0.64630752801895141601562500000000000,0.91817814111709594726562500000000000,0.46156844496726989746093750000000000,0.60386699438095092773437500000000000,1.64790868759155273437500000000000000,2.10698628425598144531250000000000000,-0.27063757181167602539062500000000000,0.39642530679702758789062500000000000,0.92483240365982055664062500000000000,0.65751546621322631835937500000000000,-2.03045773506164550781250000000000000,2.89445447921752929687500000000000000,1.50297045707702636718750000000000000,1.50017130374908447265625000000000000,1.31119382381439208984375000000000000,0.70525795221328735351562500000000000,0.14031331241130828857421875000000000,1.08120548725128173828125000000000000,-0.63480967283248901367187500000000000,-0.60016846656799316406250000000000000,0.03241168335080146789550781250000000,1.44827365875244140625000000000000000,-0.65830141305923461914062500000000000,0.65684384107589721679687500000000000,0.59336167573928833007812500000000000,0.95142900943756103515625000000000000,0.63615715503692626953125000000000000,1.77430224418640136718750000000000000,0.09855221211910247802734375000000000,0.13865914940834045410156250000000000,0.81409513950347900390625000000000000,-0.23680967092514038085937500000000000,0.64565777778625488281250000000000000,0.54062676429748535156250000000000000,0.94069552421569824218750000000000000,1.67795467376708984375000000000000000,1.46982872486114501953125000000000000,1.14689421653747558593750000000000000,1.09222149848937988281250000000000000,-0.26065042614936828613281250000000000,0.14979657530784606933593750000000000,0.11183840781450271606445312500000000,-0.43963724374771118164062500000000000,0.74555593729019165039062500000000000,0.34489798545837402343750000000000000,1.16828238964080810546875000000000000,1.35878658294677734375000000000000000,1.43539130687713623046875000000000000,-0.01214642077684402465820312500000000
1.19610047340393066406250000000000000,0.96173590421676635742187500000000000,1.91585576534271240234375000000000000,0.48036122322082519531250000000000000,1.71253573894500732421875000000000000,1.47152316570281982421875000000000000,5.00724840164184570312500000000000000,1.84282338619232177734375000000000000,1.30043458938598632812500000000000000,0.48293972015380859375000000000000000,0.80765682458877563476562500000000000,-1.73343575000762939453125000000000000,5.56135988235473632812500000000000000,0.70497196912765502929687500000000000,1.63280558586120605468750000000000000,1.10638427734375000000000000000000000,1.12910640239715576171875000000000000,1.24245452880859375000000000000000000,1.83481812477111816406250000000000000,-0.55045372247695922851562500000000000,-0.09039043635129928588867187500000000,0.75533914566040039062500000000000000,1.68781590461730957031250000000000000,0.51469433307647705078125000000000000,1.21923100948333740234375000000000000,1.77996253967285156250000000000000000,2.57810449600219726562500000000000000,2.28158116340637207031250000000000000,3.08657455444335937500000000000000000,0.76170212030410766601562500000000000,1.98141109943389892578125000000000000,0.72334414720535278320312500000000000,0.70192480087280273437500000000000000,-0.69053882360458374023437500000000000,1.31509447097778320312500000000000000,1.36152303218841552734375000000000000,1.31858670711517333984375000000000000,3.76666641235351562500000000000000000,1.59980940818786621093750000000000000,2.92649817466735839843750000000000000,0.20064258575439453125000000000000000,0.52467703819274902343750000000000000,0.64115768671035766601562500000000000,0.88697075843811035156250000000000000,0.87636893987655639648437500000000000,1.74147248268127441406250000000000000,1.09462881088256835937500000000000000,2.33937573432922363281250000000000000,3.50143074989318847656250000000000000,0.49921357631683349609375000000000000
13.08693218231201171875000000000000000,13.88034915924072265625000000000000000,9.91315460205078125000000000000000000,-1.13226866722106933593750000000000000,0.38414090871810913085937500000000000,5.39177179336547851562500000000000000,-2.91344380378723144531250000000000000,-0.61544245481491088867187500000000000,30.27464675903320312500000000000000000,4.88498115539550781250000000000000000,-0.84004831314086914062500000000000000,-0.03359444066882133483886718750000000,4.05160856246948242187500000000000000,20.21430397033691406250000000000000000,1.11014962196350097656250000000000000,-6.18006181716918945312500000000000000,0.31483507156372070312500000000000000,1.74289560317993164062500000000000000,2.73418235778808593750000000000000000,-7.22366952896118164062500000000000000,6.21329021453857421875000000000000000,1.53987812995910644531250000000000000,-1.59369146823883056640625000000000000,0.57668071985244750976562500000000000,0.49715623259544372558593750000000000,9.27254676818847656250000000000000000,17.57584762573242187500000000000000000,2.99724555015563964843750000000000000,-0.04958613216876983642578125000000000,2.49357223510742187500000000000000000,2.79393553733825683593750000000000000,6.97713947296142578125000000000000000,-4.68217515945434570312500000000000000,-1.61864209175109863281250000000000000,1.43860197067260742187500000000000000,6.16422748565673828125000000000000000,5.67233991622924804687500000000000000,1.11538684368133544921875000000000000,0.99400305747985839843750000000000000,-2.66360783576965332031250000000000000,5.78245925903320312500000000000000000,-2.58547329902648925781250000000000000,1.07805573940277099609375000000000000,-4.91141271591186523437500000000000000,0.20070379972457885742187500000000000,-0.59494364261627197265625000000000000,6.01781654357910156250000000000000000,-0.54629760980606079101562500000000000,-0.24881809949874877929687500000000000,3.37946414947509765625000000000000000
10.68721389770507812500000000000000000,13.17003345489501953125000000000000000,0.98241823911666870117187500000000000,0.45745587348937988281250000000000000,-1.22675609588623046875000000000000000,0.07511666417121887207031250000000000,3.80106806755065917968750000000000000,10.34047985076904296875000000000000000,4.85877561569213867187500000000000000,0.48091021180152893066406250000000000,0.85041517019271850585937500000000000,3.41785311698913574218750000000000000,10.08940696716308593750000000000000000,19.31309509277343750000000000000000000,0.74192464351654052734375000000000000,37.26636123657226562500000000000000000,1.99754750728607177734375000000000000,0.91648524999618530273437500000000000,2.45544648170471191406250000000000000,0.47425165772438049316406250000000000,6.61319351196289062500000000000000000,5.12845420837402343750000000000000000,1.22137558460235595703125000000000000,4.97762107849121093750000000000000000,0.42661792039871215820312500000000000,1.69772446155548095703125000000000000,1.06606292724609375000000000000000000,9.55025959014892578125000000000000000,2.58959770202636718750000000000000000,1.44281542301177978515625000000000000,-4.00585460662841796875000000000000000,1.07572996616363525390625000000000000,0.37296128273010253906250000000000000,-4.09248399734497070312500000000000000,1.19105911254882812500000000000000000,1.23586916923522949218750000000000000,0.34806981682777404785156250000000000,12.56680774688720703125000000000000000,0.69822037220001220703125000000000000,7.60459947586059570312500000000000000,4.19369983673095703125000000000000000,0.65415954589843750000000000000000000,4.71058177947998046875000000000000000,0.66195774078369140625000000000000000,0.71282118558883666992187500000000000,7.13162279129028320312500000000000000,8.28331661224365234375000000000000000,12.10168552398681640625000000000000000,-1.49334144592285156250000000000000000,1.42177402973175048828125000000000000
5.21858024597167968750000000000000000,7.47818326950073242187500000000000000,-2.12635087966918945312500000000000000,-0.19902081787586212158203125000000000,-0.89400982856750488281250000000000000,-0.24852158129215240478515625000000000,0.49297001957893371582031250000000000,1.70937311649322509765625000000000000,6.35603237152099609375000000000000000,15.36746788024902343750000000000000000,-0.00344700529240071773529052734375000,-3.27334809303283691406250000000000000,2.57935547828674316406250000000000000,4.50913000106811523437500000000000000,-0.60867768526077270507812500000000000,1.25305676460266113281250000000000000,1.56867778301239013671875000000000000,-2.12872815132141113281250000000000000,0.88916587829589843750000000000000000,4.01072168350219726562500000000000000,-0.00015706980775576084852218627929688,1.84530055522918701171875000000000000,-0.06923555582761764526367187500000000,1.38949310779571533203125000000000000,3.04720568656921386718750000000000000,-1.07683050632476806640625000000000000,9.64844131469726562500000000000000000,-2.04092597961425781250000000000000000,-1.22509038448333740234375000000000000,-0.57768821716308593750000000000000000,-0.67646616697311401367187500000000000,2.38063168525695800781250000000000000,1.98777902126312255859375000000000000,-1.63726699352264404296875000000000000,3.04048037528991699218750000000000000,6.27191305160522460937500000000000000,-0.86202216148376464843750000000000000,2.82768130302429199218750000000000000,-0.42001309990882873535156250000000000,-1.06254243850708007812500000000000000,-1.17064166069030761718750000000000000,0.05172893404960632324218750000000000,0.43603396415710449218750000000000000,-1.28007662296295166015625000000000000,4.91848468780517578125000000000000000,0.56609290838241577148437500000000000,1.56924307346343994140625000000000000,1.36787021160125732421875000000000000,2.65051221847534179687500000000000000,-1.82560586929321289062500000000000000
-0.65757620334625244140625000000000000,3.24477219581604003906250000000000000,2.42033839225769042968750000000000000,0.08551540225744247436523437500000000,-0.85008358955383300781250000000000000,2.26309871673583984375000000000000000,-0.30003586411476135253906250000000000,-0.75459504127502441406250000000000000,-0.08175083249807357788085937500000000,0.86795949935913085937500000000000000,0.09099188446998596191406250000000000,-0.88196688890457153320312500000000000,-1.05991673469543457031250000000000000,-0.43784767389297485351562500000000000,-0.67433136701583862304687500000000000,-1.15695500373840332031250000000000000,-1.35006070137023925781250000000000000,1.92896020412445068359375000000000000,-0.85430288314819335937500000000000000,0.62693041563034057617187500000000000,-0.37662801146507263183593750000000000,0.52942061424255371093750000000000000,-2.13999104499816894531250000000000000,-0.78477519750595092773437500000000000,0.09542075544595718383789062500000000,1.33433592319488525390625000000000000,4.67229795455932617187500000000000000,0.26070773601531982421875000000000000,0.76549023389816284179687500000000000,0.96791106462478637695312500000000000,0.00981686916202306747436523437500000,-0.23452724516391754150390625000000000,0.27629163861274719238281250000000000,-0.13750979304313659667968750000000000,2.60615754127502441406250000000000000,-2.28413319587707519531250000000000000,-2.13394927978515625000000000000000000,-0.01603856496512889862060546875000000,-0.81879389286041259765625000000000000,-0.18437838554382324218750000000000000,0.13472378253936767578125000000000000,1.40496146678924560546875000000000000,-17.93338584899902343750000000000000000,1.72822678089141845703125000000000000,0.57684135437011718750000000000000000,-1.10727965831756591796875000000000000,-0.66840940713882446289062500000000000,-1.02838361263275146484375000000000000,-0.32321333885192871093750000000000000,0.55575686693191528320312500000000000
0.74591094255447387695312500000000000,0.58383274078369140625000000000000000,0.95214080810546875000000000000000000,0.60689300298690795898437500000000000,1.89786791801452636718750000000000000,1.61594808101654052734375000000000000,3.05114960670471191406250000000000000,1.85010123252868652343750000000000000,1.41526520252227783203125000000000000,0.37752193212509155273437500000000000,0.72021919488906860351562500000000000,-0.56028282642364501953125000000000000,3.86063551902770996093750000000000000,0.55727684497833251953125000000000000,1.63236904144287109375000000000000000,1.27364552021026611328125000000000000,1.47257375717163085937500000000000000,0.84432840347290039062500000000000000,1.44370341300964355468750000000000000,0.18681509792804718017578125000000000,1.21316397190093994140625000000000000,0.37758892774581909179687500000000000,1.74478566646575927734375000000000000,1.15478837490081787109375000000000000,0.47734984755516052246093750000000000,0.98999673128128051757812500000000000,1.47441446781158447265625000000000000,1.79718530178070068359375000000000000,3.41404557228088378906250000000000000,0.83946722745895385742187500000000000,1.35317003726959228515625000000000000,0.64602732658386230468750000000000000,0.33684504032135009765625000000000000,-0.46466195583343505859375000000000000,0.99314206838607788085937500000000000,1.30329024791717529296875000000000000,1.57900190353393554687500000000000000,2.97724890708923339843750000000000000,1.79469215869903564453125000000000000,2.91864728927612304687500000000000000,0.45026925206184387207031250000000000,0.34680590033531188964843750000000000,0.27986782789230346679687500000000000,0.64003789424896240234375000000000000,0.83420747518539428710937500000000000,1.58867561817169189453125000000000000,0.71383637189865112304687500000000000,3.24211549758911132812500000000000000,2.23207187652587890625000000000000000,0.19187138974666595458984375000000000
1.41516983509063720703125000000000000,-3.86222124099731445312500000000000000,2.63155603408813476562500000000000000,-1.84253633022308349609375000000000000,-0.20383535325527191162109375000000000,1.95121371746063232421875000000000000,0.54925966262817382812500000000000000,-0.46330633759498596191406250000000000,19.95052146911621093750000000000000000,3.01962113380432128906250000000000000,-1.43669831752777099609375000000000000,30.85676193237304687500000000000000000,6.84566497802734375000000000000000000,3.59573769569396972656250000000000000,-0.34079903364181518554687500000000000,25.42533111572265625000000000000000000,0.76744955778121948242187500000000000,7.81298208236694335937500000000000000,1.92704069614410400390625000000000000,48.68630218505859375000000000000000000,28.59976005554199218750000000000000000,0.22198542952537536621093750000000000,-1.09162795543670654296875000000000000,2.22023487091064453125000000000000000,21.09938240051269531250000000000000000,7.46694469451904296875000000000000000,1.45918643474578857421875000000000000,-1.59911203384399414062500000000000000,3.75448584556579589843750000000000000,25.40225410461425781250000000000000000,9.99443435668945312500000000000000000,5.01653957366943359375000000000000000,19.56222534179687500000000000000000000,-4.58092641830444335937500000000000000,-3.95550155639648437500000000000000000,-0.20116809010505676269531250000000000,3.04967546463012695312500000000000000,2.86955523490905761718750000000000000,0.70614266395568847656250000000000000,1.43689882755279541015625000000000000,-10.66759586334228515625000000000000000,19.97867965698242187500000000000000000,-0.50866824388504028320312500000000000,6.33417415618896484375000000000000000,-1.29122006893157958984375000000000000,-5.49572420120239257812500000000000000,3.92953252792358398437500000000000000,2.37540650367736816406250000000000000,-3.40686583518981933593750000000000000,3.14417886734008789062500000000000000
-3.10067749023437500000000000000000000,2.38364696502685546875000000000000000,-10.97767066955566406250000000000000000,-0.20099869370460510253906250000000000,2.31864523887634277343750000000000000,1.77326238155364990234375000000000000,-2.37682914733886718750000000000000000,2.12648344039916992187500000000000000,-1.55659401416778564453125000000000000,3.48287224769592285156250000000000000,0.02325674518942832946777343750000000,-2.72275161743164062500000000000000000,0.41057190299034118652343750000000000,-1.47449719905853271484375000000000000,3.09222817420959472656250000000000000,3.21550941467285156250000000000000000,1.76684594154357910156250000000000000,-8.10061550140380859375000000000000000,-3.23109722137451171875000000000000000,-4.06351852416992187500000000000000000,-3.99637341499328613281250000000000000,3.22144412994384765625000000000000000,10.98170471191406250000000000000000000,1.51305079460144042968750000000000000,10.50273799896240234375000000000000000,-9.45879554748535156250000000000000000,-15.80807781219482421875000000000000000,-1.73770391941070556640625000000000000,1.73739671707153320312500000000000000,-1.36385452747344970703125000000000000,0.15230533480644226074218750000000000,2.13802123069763183593750000000000000,10.69820594787597656250000000000000000,-1.70861160755157470703125000000000000,-3.51581811904907226562500000000000000,-0.97159022092819213867187500000000000,1.31839764118194580078125000000000000,-2.11952662467956542968750000000000000,0.88793587684631347656250000000000000,0.21627403795719146728515625000000000,0.39631929993629455566406250000000000,9.59929656982421875000000000000000000,-4.03574466705322265625000000000000000,-8.18913269042968750000000000000000000,-1.31056261062622070312500000000000000,2.30579519271850585937500000000000000,1.79825592041015625000000000000000000,1.81529784202575683593750000000000000,1.18142211437225341796875000000000000,4.69495582580566406250000000000000000
6.70623111724853515625000000000000000,24.71346282958984375000000000000000000,19.78716087341308593750000000000000000,1.11883795261383056640625000000000000,-0.52934312820434570312500000000000000,-0.52077668905258178710937500000000000,18.75524520874023437500000000000000000,9.26346588134765625000000000000000000,1.38843548297882080078125000000000000,2.38759112358093261718750000000000000,0.95038408041000366210937500000000000,-9.28366756439208984375000000000000000,17.11411094665527343750000000000000000,8.67267227172851562500000000000000000,0.19747017323970794677734375000000000,11.27609825134277343750000000000000000,-0.56901979446411132812500000000000000,19.61507606506347656250000000000000000,4.47691249847412109375000000000000000,8.18788337707519531250000000000000000,-8.63014507293701171875000000000000000,4.19728755950927734375000000000000000,0.11189615726470947265625000000000000,9.50075244903564453125000000000000000,5.49864959716796875000000000000000000,13.17813873291015625000000000000000000,13.59091091156005859375000000000000000,16.87504005432128906250000000000000000,-1.08050978183746337890625000000000000,-11.69875144958496093750000000000000000,1.64419436454772949218750000000000000,3.04879331588745117187500000000000000,5.80362176895141601562500000000000000,-6.38277387619018554687500000000000000,23.27409362792968750000000000000000000,1.62947297096252441406250000000000000,-0.98875361680984497070312500000000000,17.02620124816894531250000000000000000,0.16716344654560089111328125000000000,1.93372201919555664062500000000000000,-0.55057305097579956054687500000000000,3.35107827186584472656250000000000000,8.45708656311035156250000000000000000,25.62236785888671875000000000000000000,2.41945219039916992187500000000000000,4.96273422241210937500000000000000000,1.76262414455413818359375000000000000,1.64524567127227783203125000000000000,14.77254486083984375000000000000000000,1.98870635032653808593750000000000000
6.46956110000610351562500000000000000,5.75665235519409179687500000000000000,2.12825107574462890625000000000000000,0.13899412751197814941406250000000000,-0.65283757448196411132812500000000000,-0.74220776557922363281250000000000000,-0.43806958198547363281250000000000000,0.26879790425300598144531250000000000,0.82727754116058349609375000000000000,9.62715530395507812500000000000000000,0.04507258906960487365722656250000000,-2.17110610008239746093750000000000000,0.72926372289657592773437500000000000,1.40572261810302734375000000000000000,-0.37215781211853027343750000000000000,0.43764027953147888183593750000000000,-0.83398270606994628906250000000000000,0.01813790388405323028564453125000000,-1.36571550369262695312500000000000000,0.41086345911026000976562500000000000,-1.65341830253601074218750000000000000,5.56408596038818359375000000000000000,-1.25044083595275878906250000000000000,-0.18709234893321990966796875000000000,-1.47645640373229980468750000000000000,1.63765668869018554687500000000000000,13.62206840515136718750000000000000000,1.33725059032440185546875000000000000,1.25192582607269287109375000000000000,-0.38154214620590209960937500000000000,0.13855400681495666503906250000000000,-0.55206948518753051757812500000000000,4.46505308151245117187500000000000000,-0.36531519889831542968750000000000000,-0.43284523487091064453125000000000000,-4.01391649246215820312500000000000000,-0.74274843931198120117187500000000000,1.07922744750976562500000000000000000,-0.02912341058254241943359375000000000,-0.27881920337677001953125000000000000,0.91414946317672729492187500000000000,-0.75511634349822998046875000000000000,4.08021211624145507812500000000000000,-0.18420493602752685546875000000000000,-4.36950397491455078125000000000000000,-0.38735231757164001464843750000000000,6.31455802917480468750000000000000000,-0.96041721105575561523437500000000000,0.23419407010078430175781250000000000,3.27068495750427246093750000000000000
0.81768286228179931640625000000000000,0.43862575292587280273437500000000000,1.03482222557067871093750000000000000,0.29432576894760131835937500000000000,1.50840997695922851562500000000000000,1.69412755966186523437500000000000000,1.39946436882019042968750000000000000,0.75345146656036376953125000000000000,1.78879880905151367187500000000000000,0.57760262489318847656250000000000000,0.41710615158081054687500000000000000,-1.14004242420196533203125000000000000,2.55199193954467773437500000000000000,0.28379335999488830566406250000000000,1.53140699863433837890625000000000000,1.37605440616607666015625000000000000,1.29192078113555908203125000000000000,0.63458222150802612304687500000000000,1.72093617916107177734375000000000000,0.11766749620437622070312500000000000,0.10166929662227630615234375000000000,0.35059577226638793945312500000000000,1.54893386363983154296875000000000000,0.23284484446048736572265625000000000,0.70394700765609741210937500000000000,1.11180686950683593750000000000000000,1.69889926910400390625000000000000000,0.96129870414733886718750000000000000,2.42864990234375000000000000000000000,0.75207358598709106445312500000000000,0.53813511133193969726562500000000000,0.55726170539855957031250000000000000,0.29228618741035461425781250000000000,-0.01916464418172836303710937500000000,0.63038355112075805664062500000000000,0.74541878700256347656250000000000000,1.52704679965972900390625000000000000,2.25019192695617675781250000000000000,1.54068100452423095703125000000000000,2.02552390098571777343750000000000000,0.21787849068641662597656250000000000,0.27664828300476074218750000000000000,0.24705728888511657714843750000000000,0.19719442725181579589843750000000000,0.52138817310333251953125000000000000,1.22233664989471435546875000000000000,0.70762354135513305664062500000000000,2.53733420372009277343750000000000000,1.20232248306274414062500000000000000,0.31062188744544982910156250000000000
0.61994600296020507812500000000000000,0.93096441030502319335937500000000000,0.98241585493087768554687500000000000,0.52516150474548339843750000000000000,1.70350110530853271484375000000000000,1.47238707542419433593750000000000000,2.85281777381896972656250000000000000,1.51029622554779052734375000000000000,1.07439780235290527343750000000000000,0.31496465206146240234375000000000000,0.82620590925216674804687500000000000,-0.87453836202621459960937500000000000,3.32369947433471679687500000000000000,0.70131480693817138671875000000000000,1.59847187995910644531250000000000000,1.37765491008758544921875000000000000,1.54423534870147705078125000000000000,0.68815314769744873046875000000000000,1.66189718246459960937500000000000000,0.20009051263332366943359375000000000,0.68686705827713012695312500000000000,0.41590744256973266601562500000000000,1.59366357326507568359375000000000000,0.89188569784164428710937500000000000,0.46334257721900939941406250000000000,0.97373968362808227539062500000000000,1.57239866256713867187500000000000000,1.69754087924957275390625000000000000,3.04635286331176757812500000000000000,0.78404271602630615234375000000000000,1.42538368701934814453125000000000000,0.59013289213180541992187500000000000,0.48140212893486022949218750000000000,-0.31263136863708496093750000000000000,0.87706118822097778320312500000000000,1.21810472011566162109375000000000000,1.39722633361816406250000000000000000,2.93993973731994628906250000000000000,1.78181469440460205078125000000000000,2.88943195343017578125000000000000000,0.37149062752723693847656250000000000,0.40891700983047485351562500000000000,0.39262861013412475585937500000000000,0.57034689188003540039062500000000000,0.57716369628906250000000000000000000,1.77894377708435058593750000000000000,0.88512051105499267578125000000000000,3.13030648231506347656250000000000000,2.02629208564758300781250000000000000,0.06361924856901168823242187500000000
1.31153476238250732421875000000000000,-4.88016176223754882812500000000000000,0.74877291917800903320312500000000000,0.33959636092185974121093750000000000,0.11878500133752822875976562500000000,7.54953765869140625000000000000000000,0.91914713382720947265625000000000000,-3.98304057121276855468750000000000000,3.65233707427978515625000000000000000,0.61291587352752685546875000000000000,0.53468984365463256835937500000000000,24.99998855590820312500000000000000000,4.11736965179443359375000000000000000,-0.24358034133911132812500000000000000,-0.08377087861299514770507812500000000,4.46943807601928710937500000000000000,-0.38084051012992858886718750000000000,0.67944890260696411132812500000000000,0.67189401388168334960937500000000000,-0.67164868116378784179687500000000000,17.35128021240234375000000000000000000,0.55735403299331665039062500000000000,0.59682673215866088867187500000000000,1.06892192363739013671875000000000000,-0.30127063393592834472656250000000000,1.21001899242401123046875000000000000,0.83379518985748291015625000000000000,-3.56725454330444335937500000000000000,5.53049087524414062500000000000000000,15.73386955261230468750000000000000000,2.73658823966979980468750000000000000,4.94069862365722656250000000000000000,7.75312376022338867187500000000000000,-3.93128848075866699218750000000000000,-0.73451876640319824218750000000000000,0.31316736340522766113281250000000000,0.51475793123245239257812500000000000,2.58626294136047363281250000000000000,0.77890229225158691406250000000000000,3.76705622673034667968750000000000000,-0.96846634149551391601562500000000000,1.04042649269104003906250000000000000,-3.18827724456787109375000000000000000,0.38130915164947509765625000000000000,0.36962190270423889160156250000000000,1.53533017635345458984375000000000000,2.98722410202026367187500000000000000,10.13477420806884765625000000000000000,4.63802433013916015625000000000000000,-2.33120393753051757812500000000000000
9.57692527770996093750000000000000000,-1.13369810581207275390625000000000000,6.00222206115722656250000000000000000,2.50488710403442382812500000000000000,0.17943122982978820800781250000000000,-1.65244436264038085937500000000000000,2.42852282524108886718750000000000000,14.03099727630615234375000000000000000,19.72669982910156250000000000000000000,2.49304795265197753906250000000000000,2.85073709487915039062500000000000000,16.81305313110351562500000000000000000,2.70215082168579101562500000000000000,-2.02164077758789062500000000000000000,-0.15093590319156646728515625000000000,5.06153154373168945312500000000000000,5.24322605133056640625000000000000000,8.21555614471435546875000000000000000,-0.09384695440530776977539062500000000,3.40064287185668945312500000000000000,14.87423992156982421875000000000000000,6.84726381301879882812500000000000000,0.10650263726711273193359375000000000,15.74956321716308593750000000000000000,6.17654371261596679687500000000000000,8.00805377960205078125000000000000000,0.21277046203613281250000000000000000,10.51382827758789062500000000000000000,0.69329029321670532226562500000000000,25.41363525390625000000000000000000000,-0.60926342010498046875000000000000000,2.32502174377441406250000000000000000,4.36596202850341796875000000000000000,0.65827238559722900390625000000000000,5.22849225997924804687500000000000000,0.83176773786544799804687500000000000,-1.06457161903381347656250000000000000,0.57566881179809570312500000000000000,-0.40215742588043212890625000000000000,-1.19557142257690429687500000000000000,-4.06085157394409179687500000000000000,4.64426851272583007812500000000000000,0.73828274011611938476562500000000000,7.99110937118530273437500000000000000,3.49087882041931152343750000000000000,5.24553251266479492187500000000000000,6.67088699340820312500000000000000000,5.77319049835205078125000000000000000,-2.94997143745422363281250000000000000,6.50275182723999023437500000000000000
1.67417824268341064453125000000000000,0.82761925458908081054687500000000000,1.73289513587951660156250000000000000,0.47725757956504821777343750000000000,-0.46349877119064331054687500000000000,1.74324941635131835937500000000000000,0.07672595232725143432617187500000000,-0.57519632577896118164062500000000000,0.11353777348995208740234375000000000,1.32584810256958007812500000000000000,0.48706477880477905273437500000000000,-0.36006045341491699218750000000000000,0.30231112241744995117187500000000000,-1.58436608314514160156250000000000000,-1.21987318992614746093750000000000000,-0.37208342552185058593750000000000000,-0.80807679891586303710937500000000000,1.54258811473846435546875000000000000,-0.24447169899940490722656250000000000,0.86730992794036865234375000000000000,-0.54241234064102172851562500000000000,1.41851997375488281250000000000000000,-1.17018449306488037109375000000000000,-0.04833248630166053771972656250000000,1.16590440273284912109375000000000000,2.03839397430419921875000000000000000,5.62233924865722656250000000000000000,-0.05795633792877197265625000000000000,0.23356783390045166015625000000000000,0.64669197797775268554687500000000000,0.01356246881186962127685546875000000,0.55171436071395874023437500000000000,0.52581679821014404296875000000000000,0.09792543202638626098632812500000000,0.05358656123280525207519531250000000,-0.28122901916503906250000000000000000,-3.13179826736450195312500000000000000,0.06965892016887664794921875000000000,-1.45775711536407470703125000000000000,-0.06331001967191696166992187500000000,1.64744544029235839843750000000000000,0.86284041404724121093750000000000000,2.89427590370178222656250000000000000,0.13932803273200988769531250000000000,-0.42965447902679443359375000000000000,0.18334344029426574707031250000000000,0.37627470493316650390625000000000000,0.58622831106185913085937500000000000,-0.10064541548490524291992187500000000,4.58573818206787109375000000000000000
7.50341463088989257812500000000000000,2.87393331527709960937500000000000000,4.77210474014282226562500000000000000,0.20328466594219207763671875000000000,-1.13376402854919433593750000000000000,-4.84729528427124023437500000000000000,0.18666048347949981689453125000000000,1.48366177082061767578125000000000000,3.17478632926940917968750000000000000,6.42018508911132812500000000000000000,-0.09886690974235534667968750000000000,-0.80915158987045288085937500000000000,-0.21087257564067840576171875000000000,0.27560913562774658203125000000000000,-2.08893084526062011718750000000000000,-3.77132558822631835937500000000000000,-0.89570659399032592773437500000000000,1.83585679531097412109375000000000000,1.58782780170440673828125000000000000,2.72240948677062988281250000000000000,1.09379601478576660156250000000000000,7.42391014099121093750000000000000000,-3.79742264747619628906250000000000000,-0.90081214904785156250000000000000000,-1.85235190391540527343750000000000000,2.90210533142089843750000000000000000,16.01819419860839843750000000000000000,0.35473394393920898437500000000000000,-1.48983645439147949218750000000000000,-3.91765522956848144531250000000000000,0.83920228481292724609375000000000000,-0.85510867834091186523437500000000000,-6.00633239746093750000000000000000000,0.15952429175376892089843750000000000,-1.32578897476196289062500000000000000,4.97601366043090820312500000000000000,-2.31831979751586914062500000000000000,0.20600178837776184082031250000000000,-1.05822527408599853515625000000000000,0.82951766252517700195312500000000000,-0.64773476123809814453125000000000000,-5.16377019882202148437500000000000000,12.30830287933349609375000000000000000,-1.26233541965484619140625000000000000,-1.45183432102203369140625000000000000,0.25303402543067932128906250000000000,4.61225271224975585937500000000000000,-0.77497851848602294921875000000000000,-0.91106629371643066406250000000000000,-0.70192557573318481445312500000000000
2.07510685920715332031250000000000000,0.15483516454696655273437500000000000,11.28922653198242187500000000000000000,0.22550305724143981933593750000000000,0.12449392676353454589843750000000000,4.91190910339355468750000000000000000,1.67789649963378906250000000000000000,-0.66590887308120727539062500000000000,8.12845516204833984375000000000000000,-0.39192193746566772460937500000000000,0.16969281435012817382812500000000000,10.85559844970703125000000000000000000,0.56907987594604492187500000000000000,-0.06808099895715713500976562500000000,0.44069662690162658691406250000000000,0.76868671178817749023437500000000000,-0.15402601659297943115234375000000000,8.98526668548583984375000000000000000,1.35317015647888183593750000000000000,-1.23260092735290527343750000000000000,18.29975128173828125000000000000000000,0.39023271203041076660156250000000000,0.54838573932647705078125000000000000,4.32699203491210937500000000000000000,4.04669666290283203125000000000000000,13.79296684265136718750000000000000000,11.07589054107666015625000000000000000,-3.42262601852416992187500000000000000,-0.90794259309768676757812500000000000,20.28530120849609375000000000000000000,-0.95335054397583007812500000000000000,-3.90556740760803222656250000000000000,-3.15072417259216308593750000000000000,0.36981040239334106445312500000000000,2.36257815361022949218750000000000000,1.14927208423614501953125000000000000,1.10670924186706542968750000000000000,-2.57391142845153808593750000000000000,0.31043341755867004394531250000000000,0.71657681465148925781250000000000000,-0.93752390146255493164062500000000000,3.55869221687316894531250000000000000,-2.24132037162780761718750000000000000,-2.58337831497192382812500000000000000,-0.94002228975296020507812500000000000,-0.88539791107177734375000000000000000,2.81015968322753906250000000000000000,2.63848543167114257812500000000000000,1.30126082897186279296875000000000000,1.67340719699859619140625000000000000
