0.26544040441513061523437500000000000,
-0.27858465909957885742187500000000000,
0.13661600649356842041015625000000000,
-0.11670605093240737915039062500000000,
0.21490740776062011718750000000000000,
0.10222450643777847290039062500000000,
0.27953708171844482421875000000000000,
-0.24727584421634674072265625000000000,
0.28764775395393371582031250000000000,
0.01938131451606750488281250000000000,
0.34262838959693908691406250000000000,
0.28463122248649597167968750000000000,
-0.26590293645858764648437500000000000,
0.21602651476860046386718750000000000,
-0.27975216507911682128906250000000000,
0.16704221069812774658203125000000000,
-0.19910532236099243164062500000000000,
-0.03146380186080932617187500000000000,
0.24983333051204681396484375000000000,
-0.28722617030143737792968750000000000,
0.13185723125934600830078125000000000,
0.35607841610908508300781250000000000,
0.00756919384002685546875000000000000,
-0.25020939111709594726562500000000000,
0.34555637836456298828125000000000000,
0.23726035654544830322265625000000000,
-0.05892270803451538085937500000000000,
0.04426785930991172790527343750000000,
-0.15291826426982879638671875000000000,
0.17630365490913391113281250000000000,
-0.25801408290863037109375000000000000,
0.19546501338481903076171875000000000,
0.33814287185668945312500000000000000,
-0.15577228367328643798828125000000000,
-0.03898159042000770568847656250000000,
0.23282438516616821289062500000000000,
0.00201261066831648349761962890625000,
0.10717795789241790771484375000000000,
0.33739703893661499023437500000000000,
0.30671527981758117675781250000000000,
-0.03546037152409553527832031250000000,
0.02640748023986816406250000000000000,
0.01798480749130249023437500000000000,
-0.30945980548858642578125000000000000,
0.33490407466888427734375000000000000,
0.23665717244148254394531250000000000,
0.12494201213121414184570312500000000,
-0.30522251129150390625000000000000000,
-0.33556929230690002441406250000000000,
-0.31411856412887573242187500000000000,
