1.67572923988211974766215917043155059,
0.09446580775144497454931524771382101,
1.95659293487406404921102875960059464,
1.96845717133701270107337677472969517,
2.25566122885555842003668658435344696,
-0.88996146807586873350714995467569679,
1.00705098378701340955387877329485491,
-0.08894715052897142482102310623304220,
0.92464352995225751463692631659796461,
-1.62040924198135227740635855298023671,
-0.28884227454652705580073757118952926,
-0.00848874355697250282393184761531302,
-0.12024871920910056022346878989992547,
-0.27728256425754616021350784649257548,
2.04083578542532428912181785563006997,
0.90144955436052753849907048788736574,
-1.32590858881117945600180973997339606,
-2.07530032725656798930913282674737275,
-0.84548919882046735807534787454642355,
2.72175751033363955144750434556044638,
