,layer_index,neuron_index,l1_norm,l2_norm,linfty_norm
0,1,0,0.01989460750599392,0.0006318351819639275,0.0728447437286377
1,1,1,0.010229418844683097,0.00013732782546825418,0.03831768035888672
2,1,2,0.02531882306258194,0.0010473715981494638,0.12085819244384766
3,1,3,0.0028652004662435503,2.475259563098488e-05,0.030910491943359375
4,1,4,0.005576903297798708,9.347787034705351e-05,0.0434381365776062
5,1,5,0.006990233636228368,8.71873325264208e-05,0.027892351150512695
6,1,6,0.010349352032644674,0.00013043292362729575,0.029395103454589844
7,1,7,0.015934299447340892,0.00031456167522032576,0.03704023361206055
8,1,8,0.016299595981137827,0.00039207686178528435,0.05818986892700195
9,1,9,0.024799279601080342,0.0006435547366467469,0.037427425384521484
10,1,10,0.005920111946063116,0.00013801334353345012,0.06466160342097282
11,1,11,0.004479457782348618,7.153826114549444e-05,0.029566287994384766
12,1,12,0.00594728000392206,7.399619440361141e-05,0.026557505130767822
13,1,13,0.02159076656331308,0.0007383632592238952,0.08891677856445312
14,1,14,0.007124978222651407,0.00012055974621255492,0.053633689880371094
15,1,15,0.014018991976277902,0.0002286701256502232,0.03836369514465332
16,1,16,0.03434641023096628,0.0027613803602499353,0.21406078338623047
17,1,17,0.012580123931868002,0.00019649205157606602,0.045800209045410156
18,1,18,0.022246613123221324,0.0008003719438284209,0.1029052734375
19,1,19,0.0043401025391649455,2.417513340594541e-05,0.011818885803222656
20,1,20,0.0092884732268285,0.00011049749015676255,0.032311439514160156
21,1,21,0.007170439389301464,0.00014826480676083853,0.04065990447998047
22,1,22,0.013475574142066762,0.00029850826762543734,0.041617631912231445
23,1,23,0.023401391961378977,0.0008906901910065584,0.12630176544189453
24,1,24,0.02307788525451906,0.0006394665915423467,0.05565786361694336
25,1,25,0.006063593562459573,0.0001020408662054727,0.03038501739501953
26,1,26,0.007350680195493624,6.630925908058544e-05,0.021470069885253906
27,1,27,0.02195559710194357,0.0007365831119331416,0.0653223991394043
28,1,28,0.02632621072907932,0.000860492809558646,0.06572437286376953
29,1,29,0.011464673347072676,0.0001833813518115624,0.03400611877441406
30,1,30,0.004173366553382948,6.304856690324315e-05,0.039127856492996216
31,1,31,0.006058945513563231,5.1206953582518325e-05,0.016953349113464355
32,1,32,0.010749042422277854,0.00015539498425810844,0.056960105895996094
33,1,33,0.003917625240283087,8.192688192405061e-05,0.051935791969299316
34,1,34,0.012355153895216063,0.00018729040562315025,0.034931182861328125
35,1,35,0.01233970318059437,0.00032777565397099307,0.06857490539550781
36,1,36,0.0025887725062202663,1.4551389808343827e-05,0.013680778443813324
37,1,37,0.004436294249491766,4.898806862456756e-05,0.03306865692138672
38,1,38,0.024368374944431708,0.0006341469349860588,0.03590869903564453
39,1,39,0.00573598665674217,0.0001442888988318127,0.07097125053405762
40,1,40,0.004366542256204411,4.7190101096533895e-05,0.03199195861816406
41,1,41,0.006483580008847639,0.0001379757464894567,0.0846109390258789
42,1,42,0.004716322682099417,3.759371573211843e-05,0.019962787628173828
43,1,43,0.030241201750235633,0.0011553929347659065,0.09307289123535156
44,1,44,0.005748366772430018,0.00010783240155060367,0.04529782757163048
45,1,45,0.02503005675156601,0.00088226901780208,0.07453155517578125
46,1,46,0.02794378320942633,0.0009995767917496646,0.08297157287597656
47,1,47,0.013630656727356836,0.00021831282173078156,0.0325738750398159
48,1,48,0.02140664678881876,0.000553047721681448,0.07091522216796875
49,1,49,0.027397292890353128,0.0013389714738013983,0.14805316925048828
50,1,50,0.024929952821927146,0.0007520054495171162,0.06262874603271484
51,1,51,0.005436733991606161,4.389352345402788e-05,0.03474140167236328
52,1,52,0.026362879619700835,0.0007553050848416748,0.044225215911865234
53,1,53,0.03427466115425341,0.001593199455871708,0.11032295227050781
54,1,54,0.03278966065566055,0.00122970810424133,0.07111549377441406
55,1,55,0.009255207248264924,0.00017237035299547232,0.04524517059326172
56,1,56,0.013084782288176939,0.0003217418678401003,0.0933828353881836
57,1,57,0.007172132935142145,9.88804292538458e-05,0.052588462829589844
58,1,58,0.016190232404274866,0.0005633556421041333,0.08664703369140625
59,1,59,0.016336933226091786,0.0003560290905016018,0.044060707092285156
60,1,60,0.008381258251378313,8.440588939058974e-05,0.020666122436523438
61,1,61,0.029762957267230376,0.001618670613904489,0.12456321716308594
62,1,62,0.029543521702988074,0.0009970412986845074,0.07417964935302734
63,1,63,0.023887047245400025,0.0007616905636609701,0.0613400936126709
64,1,64,0.016000027156667783,0.0003934690497207991,0.052315711975097656
65,1,65,0.029502834618790077,0.001184943130181299,0.09017181396484375
66,1,66,0.024748491174774245,0.0007556966480333531,0.06158924102783203
67,1,67,0.010753578595118597,0.00024221115358304989,0.05477285385131836
68,1,68,0.016556332244770603,0.00048123495925286543,0.07456493377685547
69,1,69,0.01820911067794077,0.000412902579583423,0.045101165771484375
70,1,70,0.018247900520218536,0.0005161052701540403,0.0937032699584961
71,1,71,0.029557927324669435,0.0009907830482371357,0.07006454467773438
72,1,72,0.02722483702818863,0.0008107198762387596,0.04788494110107422
73,1,73,0.018059278547065332,0.00045757118348524494,0.06394314765930176
74,1,74,0.025946176499826834,0.0007361505053544959,0.05341619253158569
75,1,75,0.005345349007053301,4.331833649642057e-05,0.01814553141593933
76,1,76,0.017681695104343816,0.0006422212180970065,0.1067953109741211
77,1,77,0.011621776468353346,0.0001745676582064532,0.03358316421508789
78,1,78,0.01401780838589184,0.00031857908498998113,0.04604148864746094
79,1,79,0.007225773840444163,0.00015486625216298543,0.046120643615722656
80,1,80,0.008444841147167608,8.083760513061655e-05,0.020651817321777344
81,1,81,0.00826349536399357,8.367225605171638e-05,0.031000137329101562
82,1,82,0.02566249733348377,0.0009058897573557865,0.0771951675415039
83,1,83,0.0288197294480633,0.0008716701185954932,0.04125314950942993
84,1,84,0.02490408431063406,0.0009868996852208576,0.1065673828125
85,1,85,0.006724441556958481,0.00011598195131360001,0.03927254676818848
86,1,86,0.009195059216814115,0.00017161953496313618,0.049146413803100586
87,1,87,0.0091189332685899,0.00012156609860952161,0.03036212921142578
88,1,88,0.008516091235680506,0.00010011684663942965,0.03277778625488281
89,1,89,0.017082640156848357,0.0005829967882310897,0.11310958862304688
90,1,90,0.005782012059586123,6.346761937250303e-05,0.022914886474609375
91,1,91,0.0498706141479779,0.0031758336109456086,0.126708984375
92,1,92,0.015340580999152736,0.00029015549785053576,0.04794549569487572
93,1,93,0.01343312467704527,0.00025569897112639995,0.054289817810058594
94,1,94,0.021767041832907126,0.0006462770685210561,0.09000110626220703
95,1,95,0.00872137118014507,0.0001515497242132794,0.03801703453063965
96,1,96,0.005108145578997209,0.0001311846788872857,0.07142037153244019
97,1,97,0.008199111920548603,0.00020894993521312577,0.0862274169921875
98,1,98,0.004528331706067547,4.8844742156136665e-05,0.03273582458496094
99,1,99,0.010014010234968737,0.00016737587393760416,0.044033050537109375
100,1,100,0.0026068703120108692,1.682808447903955e-05,0.041718482971191406
101,1,101,0.0032937029532622546,1.9995663864498693e-05,0.015586525201797485
102,1,102,0.020571136415703222,0.0004747013846730457,0.04560971260070801
103,1,103,0.023427616237895563,0.0006633315816287593,0.060997962951660156
104,1,104,0.022730516134994105,0.0006509782737272403,0.06527471542358398
105,1,105,0.0065982559707481415,8.807567654078696e-05,0.02888345718383789
106,1,106,0.012151115662185475,0.0002462722445407557,0.05070972442626953
107,1,107,0.0066999274676200005,0.00010144328886118445,0.028656005859375
108,1,108,0.009350860469741746,0.00018011697475739787,0.06600666046142578
109,1,109,0.013526192650897429,0.0002639810667818259,0.07056808471679688
110,1,110,0.020365997657878325,0.000495957878849187,0.06303691864013672
111,1,111,0.011649162166519091,0.00017168979870258225,0.029701709747314453
112,1,112,0.03901173478295095,0.0019396777897309194,0.0970458984375
113,1,113,0.01000511507014744,0.00012604831132966945,0.03179168701171875
114,1,114,0.03256187752564438,0.0013346725998771229,0.08903789520263672
115,1,115,0.017823219113750382,0.000357953974337999,0.04009246826171875
116,1,116,0.02058286362956278,0.0004855430423483431,0.04300260543823242
117,1,117,0.01661444962094538,0.00035421143987039006,0.06482696533203125
118,1,118,0.006137960705673322,6.534447238457489e-05,0.04038524627685547
119,1,119,0.007439251828705892,0.00017943118449054404,0.07896614074707031
120,1,120,0.001431500269798562,1.455436363210498e-05,0.02387325093150139
121,1,121,0.007983841374283656,0.00011711337938028785,0.057303428649902344
122,1,122,0.013197551660938188,0.00019681804586172007,0.03356361389160156
123,1,123,0.02355600667814724,0.0006549219640060548,0.07500743865966797
124,1,124,0.03608266290207394,0.002095474243337766,0.1357579231262207
125,1,125,0.03045055243303068,0.0012950648608636604,0.11226463317871094
126,1,126,0.003292664787499234,2.9202867529316978e-05,0.03571891784667969
127,1,127,0.007656299980124458,8.959426440762521e-05,0.024761676788330078
128,1,128,0.02638751804153435,0.0011159363772064524,0.11861133575439453
129,1,129,0.003655792624456808,1.862980469509265e-05,0.012268558144569397
130,1,130,0.03164044949342497,0.0012597753380949857,0.07670998573303223
131,1,131,0.010587331817252561,0.0002531969530837674,0.07591438293457031
132,1,132,0.0029588342818897217,1.816654093193659e-05,0.015055179595947266
133,1,133,0.012895611916435883,0.00032726667597200677,0.09036064147949219
134,1,134,0.013230924040777609,0.00025055396361127507,0.0500640869140625
135,1,135,0.035625207237200814,0.0019020221598458357,0.12433815002441406
136,1,136,0.017113970846636222,0.00035223480367157367,0.03755795955657959
137,1,137,0.014322868331568315,0.0003770600447927499,0.08165740966796875
138,1,138,0.009347333715064451,0.00011466470502839427,0.023601770401000977
139,1,139,0.012332534582121298,0.00018637015834830823,0.028150558471679688
140,1,140,0.04084672894258983,0.002045821589635625,0.10610198974609375
141,1,141,0.02164075006474741,0.0005677704773766143,0.05197334289550781
142,1,142,0.015335611403686927,0.0006303376581494731,0.11060428619384766
143,1,143,0.01638266842137091,0.0005502251569975744,0.08479118347167969
144,1,144,0.006606632970971986,0.0001061169229841977,0.0385284423828125
145,1,145,0.008162656768923625,0.00012099201032667236,0.05057334899902344
146,1,146,0.013889707461697981,0.00023947036481300788,0.033329010009765625
147,1,147,0.008042327874107287,8.051824707554297e-05,0.02590179443359375
148,1,148,0.007015387923223898,9.297309436076571e-05,0.04885101318359375
149,1,149,0.011726004638476298,0.00019199509012815392,0.03346967697143555
150,1,150,0.01668443550239317,0.0004768176127754715,0.05960160493850708
151,1,151,0.005503345317440108,5.8276895603706264e-05,0.02644902467727661
152,1,152,0.00858749493653886,9.776467277596807e-05,0.022490501403808594
153,1,153,0.03282068729330786,0.001367382392533815,0.07760906219482422
154,1,154,0.009200289682252333,0.00010482952755052691,0.024216651916503906
155,1,155,0.020176418028073385,0.00044027247037357485,0.04295867681503296
156,1,156,0.007900643662316725,8.694512002302743e-05,0.037299156188964844
157,1,157,0.006820049294037745,5.533018214607185e-05,0.01847100257873535
158,1,158,0.024323420017259196,0.0008901133024270351,0.0747671127319336
159,1,159,0.0031987813271116467,2.5795302114983834e-05,0.024560928344726562
160,1,160,0.003833789593772963,4.612895458175081e-05,0.026560302823781967
161,1,161,0.01674431840260513,0.0004341319306218001,0.06737768650054932
162,1,162,0.010302366570336743,0.00013943110354970662,0.026660919189453125
163,1,163,0.028069688841002062,0.0009384844863723188,0.06327247619628906
164,1,164,0.02337947626481764,0.0006862331710267918,0.05615043640136719
165,1,165,0.007680321755586192,9.801654984270327e-05,0.03853893280029297
166,1,166,0.029088553921086713,0.0010666264259255641,0.08925342559814453
167,1,167,0.00726627252320759,7.938008052429824e-05,0.03839874267578125
168,1,168,0.006561521908966824,6.153973127884615e-05,0.01938152313232422
169,1,169,0.021111297010676936,0.0005771412309047215,0.0682368278503418
170,1,170,0.025302734947996213,0.000691955998869775,0.051929473876953125
171,1,171,0.008098846986191347,0.00015222442171183582,0.04571878910064697
172,1,172,0.026303481445414945,0.0010577331202627134,0.11638641357421875
173,1,173,0.012035388924879953,0.00020657910021165598,0.03218984603881836
174,1,174,0.016051356709795073,0.0004074124004518723,0.06854480504989624
175,1,175,0.014675016223685815,0.0003707767940911072,0.07532119750976562
176,1,176,0.021314136996166782,0.0006950633907271271,0.0759129524230957
177,1,177,0.01603715381096117,0.00038219962508676117,0.07359504699707031
178,1,178,0.016047056548995898,0.0004664125058782892,0.09916114807128906
179,1,179,0.004805389904184267,4.22972437015723e-05,0.02308940887451172
180,1,180,0.0055121663815807555,3.625203086768375e-05,0.0156552791595459
181,1,181,0.004098831292008981,7.07878403605399e-05,0.07904243469238281
182,1,182,0.02788938107271679,0.0009509637972084279,0.07998991012573242
183,1,183,0.0036351788647007196,2.9668568221071474e-05,0.024326324462890625
184,1,184,0.004099278896814212,8.383334110354134e-05,0.07034015655517578
185,1,185,0.02424496126989834,0.0009674503474262886,0.1295919418334961
186,1,186,0.025112259171204642,0.0007656169618920902,0.06698942184448242
187,1,187,0.01377126455376856,0.00036288506957147544,0.07222557067871094
188,1,188,0.014570209003286436,0.000416376770698225,0.08900070190429688
189,1,189,0.017101696535246447,0.00036733836687998623,0.046196937561035156
190,1,190,0.011501669578952715,0.0003085121925314783,0.0839242935180664
191,1,191,0.01122656598011963,0.0001521691605272647,0.04544258117675781
192,1,192,0.023080039450200273,0.0010039657970872824,0.099334716796875
193,1,193,0.009784179554088042,0.0002860068459396933,0.12474536895751953
194,1,194,0.017027871527476236,0.000328289388282105,0.036910057067871094
195,1,195,0.02195465856860392,0.0007614162852991137,0.09684562683105469
196,1,196,0.019058564529521392,0.00037698434511863546,0.03373146057128906
197,1,197,0.014858834874117747,0.0003767364570481706,0.06995677947998047
198,1,198,0.026611175096826627,0.0010639299665496308,0.08855915069580078
199,1,199,0.01815892343665473,0.0005846246698728302,0.09688186645507812
200,1,200,0.0074249760068487375,7.001877069033155e-05,0.03213787078857422
201,1,201,0.02906529663433321,0.0010670627816279903,0.07449173927307129
202,1,202,0.006130741179687902,0.00012127915971503084,0.06677627563476562
203,1,203,0.014616526909871027,0.00042190144709613943,0.09488677978515625
204,1,204,0.01353473958442919,0.0004975192400303941,0.11010456085205078
205,1,205,0.01421724231611006,0.00024554719343299124,0.03113687038421631
206,1,206,0.02306495704432018,0.0006847560582285635,0.06298518180847168
207,1,207,0.005935006976826116,6.16105218072966e-05,0.03139019012451172
208,1,208,0.007463556931121275,6.450539280900302e-05,0.03294086456298828
209,1,209,0.0023106921992730347,1.2695272989880102e-05,0.0179290771484375
210,1,210,0.022762792558176443,0.0008491734682282353,0.10310840606689453
211,1,211,0.0031766926681157204,3.363303680383345e-05,0.035233497619628906
212,1,212,0.017690329418284818,0.0004250547620902391,0.06514835357666016
213,1,213,0.007398936118697748,0.00012994377604081905,0.037980079650878906
214,1,214,0.027627069988055156,0.0010704586209642165,0.10902786254882812
215,1,215,0.014622538805706426,0.0002940962011510339,0.04779052734375
216,1,216,0.006878215766744688,0.00011090885868154315,0.03973221778869629
217,1,217,0.002722111298935488,1.8078524235439132e-05,0.01975461095571518
218,1,218,0.02436858957190998,0.0006393603653219023,0.046321868896484375
219,1,219,0.003239000476198271,3.0438700475599093e-05,0.03282451629638672
220,1,220,0.014424990027444438,0.00033600902364044595,0.054433673620224
221,1,221,0.015302491687936709,0.00031002387460778256,0.04997539520263672
222,1,222,0.013165505521697924,0.0002016184795237025,0.03362751007080078
223,1,223,0.003274893305497244,1.5423016262511623e-05,0.010783910751342773
224,1,224,0.003446151704294607,2.0442269863363462e-05,0.013942625373601913
225,1,225,0.002274546044645831,2.8091498163604378e-05,0.027674924582242966
226,1,226,0.02789658171753399,0.000906169482393556,0.059368133544921875
227,1,227,0.02684276020596735,0.0011901705497397567,0.13822269439697266
228,1,228,0.005347622566623613,6.492095110676005e-05,0.03289985656738281
229,1,229,0.030326477908296512,0.0014455885715751295,0.13747882843017578
230,1,230,0.025356819770531728,0.00069601087695191,0.051988840103149414
231,1,231,0.004972823180025444,9.571833624599605e-05,0.04692411422729492
232,1,232,0.030372385867638515,0.000982730972677639,0.049065589904785156
233,1,233,0.03664743362437002,0.0018325735173454838,0.12856388092041016
234,1,234,0.01754011306236498,0.0004105950001954385,0.07452011108398438
235,1,235,0.019279264516429976,0.0005866337877430842,0.06559956073760986
236,1,236,0.009170598373515531,9.904156186101301e-05,0.02921581268310547
237,1,237,0.005679658212466165,7.07544288847692e-05,0.038474082946777344
238,1,238,0.007487135098082944,9.837587445972995e-05,0.03477191925048828
239,1,239,0.022312647119862958,0.0005442086989268607,0.0417938232421875
240,1,240,0.00482179254363291,5.272663491151066e-05,0.029918670654296875
241,1,241,0.010595420657889917,0.0001659070432497469,0.03915882110595703
242,1,242,0.013244484417838976,0.00024348067143992684,0.051383018493652344
243,1,243,0.012898829101352021,0.000287519091495347,0.04481220245361328
244,1,244,0.026358347327215596,0.0013947128524322092,0.1471843719482422
245,1,245,0.028484260848956184,0.0017609011120907488,0.16427040100097656
246,1,246,0.020061942749423908,0.0008853588771139449,0.1623983383178711
247,1,247,0.010220819265348837,0.00017029864128486523,0.03643667697906494
248,1,248,0.006373182923300192,8.296063685896174e-05,0.036090850830078125
249,1,249,0.032072232536273074,0.0014138351238331304,0.08951759338378906
250,1,250,0.03635141764651053,0.0016566260603573751,0.1195058822631836
251,1,251,0.027006234063534067,0.0019571882730090233,0.1824045181274414
252,1,252,0.04284413070161827,0.0022789672677603805,0.10968589782714844
253,1,253,0.00961365530709736,0.00010740243655350632,0.030272483825683594
254,1,254,0.005905258163111284,5.14148165987549e-05,0.019933462142944336
255,1,255,0.009979449071688578,0.00011080099711465921,0.024519920349121094
256,1,256,0.024744598201708868,0.0008059499804150185,0.07874393463134766
257,1,257,0.004718034737510607,4.3849954407135815e-05,0.024488449096679688
258,1,258,0.014594653501408174,0.00026612308758199634,0.036038875579833984
259,1,259,0.014197836448205634,0.0002961032497697974,0.058737754821777344
260,1,260,0.018093257658882065,0.00044786092547147513,0.0543060302734375
261,1,261,0.007165857665939256,0.00011634334526219338,0.051181793212890625
262,1,262,0.025048192150192335,0.0010270382701964105,0.09833073616027832
263,1,263,0.007803017609519884,8.153556641895782e-05,0.022924423217773438
264,1,264,0.03138572467188351,0.001216113506269701,0.09212684631347656
265,1,265,0.012597076912177726,0.00022865704441750586,0.052115440368652344
266,1,266,0.006049665316240862,5.938423825862512e-05,0.021514594554901123
267,1,267,0.04058382601221092,0.0019970478394512243,0.1040043830871582
268,1,268,0.002868736906675622,1.2613921147598004e-05,0.014809608459472656
269,1,269,0.025412310131592675,0.0010011234090444288,0.10992908477783203
270,1,270,0.008702380367321894,0.0001646299506694919,0.05538463592529297
271,1,271,0.01078993935813196,0.0001961997570179342,0.04257705435156822
272,1,272,0.004647638379829004,4.134047078540088e-05,0.020204901695251465
273,1,273,0.030198513478739187,0.0010041439218941418,0.0784292221069336
274,1,274,0.01943783629941754,0.00069029554483011,0.12116718292236328
275,1,275,0.018467835672898218,0.0006394569690355447,0.11146831512451172
276,1,276,0.022770563640398905,0.0007074253125578915,0.09493637084960938
277,1,277,0.0067954994968604295,0.00010058769659864711,0.04533958435058594
278,1,278,0.006185892745153979,5.0522089683357917e-05,0.02178049087524414
279,1,279,0.026923158013029025,0.0009315307342090483,0.09269428253173828
280,1,280,0.006246617057127878,5.321543094240779e-05,0.028458595275878906
281,1,281,0.003961153045995161,2.784799544721634e-05,0.01961374282836914
282,1,282,0.00884589994023554,0.0001317331384843364,0.03018331527709961
283,1,283,0.007985783991171048,7.914825012401617e-05,0.02160358428955078
284,1,284,0.004514952995581552,6.72682018485043e-05,0.03700201213359833
285,1,285,0.011817441730992868,0.00020304910945147426,0.04164552688598633
286,1,286,0.04278533496032469,0.0023881656638273584,0.10877799987792969
287,1,287,0.0013676737404894083,2.813560108913219e-05,0.04423752287402749
288,1,288,0.014171290757367387,0.0003971919269355849,0.07459068298339844
289,1,289,0.010094209455652162,0.00011616136226986346,0.023293018341064453
290,1,290,0.029873846747679636,0.0020699419245344785,0.18709468841552734
291,1,291,0.006958988920552656,0.00011305170361822797,0.05138206481933594
292,1,292,0.03194245832483284,0.001080216223098891,0.04659605026245117
293,1,293,0.02010743733565323,0.0012951498331913295,0.17304134368896484
294,1,294,0.003562580697936937,3.1217462579735106e-05,0.020777463912963867
295,1,295,0.017644545830087736,0.00041406833064962445,0.04152965545654297
296,1,296,0.009001213819487021,0.00014066231900308895,0.02848196029663086
297,1,297,0.009415445429040119,0.00012481696529535377,0.03556346893310547
298,1,298,0.021912076071603222,0.0005320669277189013,0.03812265396118164
299,1,299,0.015412590346531942,0.0004393970893099144,0.08838081359863281
300,1,300,0.005572639339370653,4.499325948719365e-05,0.029539108276367188
301,1,301,0.025290138692362234,0.0007135428439904859,0.06646251678466797
302,1,302,0.03176437333901413,0.0011680801443225565,0.06420135498046875
303,1,303,0.00844003266398795,0.00012682210935812072,0.04372882843017578
304,1,304,0.02116379749099724,0.000542267431706124,0.05855274200439453
305,1,305,0.02303482383559458,0.0005580329992065054,0.03858613967895508
306,1,306,0.007174887144239619,8.197461293076399e-05,0.02941417694091797
307,1,307,0.01955597918550484,0.0004689600559636928,0.059288978576660156
308,1,308,0.020090777934296058,0.00045046032173356456,0.05309295654296875
309,1,309,0.023015428812010214,0.0005668101460669596,0.042297542095184326
310,1,310,0.020732391171855852,0.0004984567864887774,0.039404869079589844
311,1,311,0.007979835561709479,0.00016990282510392785,0.04280081391334534
312,1,312,0.025279376975493505,0.0008567174307265592,0.0806427001953125
313,1,313,0.013515861340565608,0.00022185460902284686,0.03838753700256348
314,1,314,0.011957640402717516,0.00017251125328705794,0.03539466857910156
315,1,315,0.0313083817132283,0.001361960537485858,0.08744239807128906
316,1,316,0.011825883359415456,0.00022422609058879756,0.05980968475341797
317,1,317,0.02558846677769907,0.0009654054850558315,0.0802450180053711
318,1,318,0.02011437233607285,0.0004257359437209817,0.03355592489242554
319,1,319,0.0033700732172001154,2.036914257820262e-05,0.03560161590576172
320,1,320,0.012330285445554182,0.00017916169715835855,0.03190702199935913
321,1,321,0.01739234448154457,0.0003688355884533904,0.04007720947265625
322,1,322,0.04536116982926615,0.0024780814277139155,0.10192108154296875
323,1,323,0.0016011759291868657,1.4775809887644355e-05,0.022140346467494965
324,1,324,0.03437431389163248,0.001312333648192128,0.08266639709472656
325,1,325,0.020060415387852117,0.0005029183441932845,0.06491947174072266
326,1,326,0.011106987468199804,0.0002459233133422263,0.05766649171710014
327,1,327,0.004078224814729765,4.741104315363574e-05,0.02468264102935791
328,1,328,0.007188133764779195,0.00014796780702045227,0.04883384704589844
329,1,329,0.00981776610459201,0.00023450881170606664,0.0688009262084961
330,1,330,0.016643778055207805,0.0003427209414307507,0.04344940185546875
331,1,331,0.006207566811935976,5.213668604188472e-05,0.022532939910888672
332,1,332,0.004377350286347791,4.182879641410168e-05,0.030503273010253906
333,1,333,0.010080648445291445,0.00014160706008613355,0.043183326721191406
334,1,334,0.004314287365181371,2.6500461531102666e-05,0.01610848307609558
335,1,335,0.0072145475365687165,7.713879787803895e-05,0.026086807250976562
336,1,336,0.0021175343876238912,2.2113492349678334e-05,0.027648746967315674
337,1,337,0.010782413438661024,0.00024798457926494057,0.0606989860534668
338,1,338,0.018999813788337632,0.0006749009176852089,0.08496665954589844
339,1,339,0.022012436247663573,0.0008268781708617103,0.08424317836761475
340,1,340,0.007488009630935267,0.00013138338360453518,0.04537385702133179
341,1,341,0.006221455932362005,9.206956420161458e-05,0.039139747619628906
342,1,342,0.012132296279771254,0.0002842251834935833,0.09746837615966797
343,1,343,0.011630058153299615,0.00027032285102297646,0.040924072265625
344,1,344,0.021306708111660556,0.0009620239024754087,0.11974716186523438
345,1,345,0.023876428737537935,0.0008239580007184965,0.08498191833496094
346,1,346,0.0037014487988781186,2.3935943963529576e-05,0.01606789231300354
347,1,347,0.008324597290949896,8.480154966458603e-05,0.019935131072998047
348,1,348,0.025654578708810733,0.000805580487091653,0.06999397277832031
349,1,349,0.017365620673866943,0.0005351228224097556,0.07380008697509766
350,1,350,0.0022490539320278915,2.8366542340771013e-05,0.03071431815624237
351,1,351,0.004857014349894598,4.009112122255192e-05,0.021986927837133408
352,1,352,0.00853056473354809,0.00010682097801865961,0.02617812156677246
353,1,353,0.019177462733583527,0.0006016713921364326,0.08236532285809517
354,1,354,0.0027181195730809123,1.525322146852115e-05,0.013876914978027344
355,1,355,0.014909117988543585,0.0003290304393896397,0.05072880908846855
356,1,356,0.037534426390426236,0.001972820246612471,0.11150074005126953
357,1,357,0.003048113205237314,2.083226559211053e-05,0.018362045288085938
358,1,358,0.03734481064905412,0.002336921648886781,0.13696956634521484
359,1,359,0.0363468545533251,0.0015871716964892181,0.0930795669555664
360,1,360,0.006414205207722261,7.223182563496111e-05,0.02970600128173828
361,1,361,0.01155359207955189,0.00023298614877441645,0.05831718444824219
362,1,362,0.019028029144508764,0.0007301074642208265,0.13532733917236328
363,1,363,0.0054632432896178215,5.0255677873812955e-05,0.020325660705566406
364,1,364,0.010261731476290151,0.00018901775186962183,0.06685638427734375
365,1,365,0.01970370565284975,0.000508749034131726,0.054149627685546875
366,1,366,0.007120786621468141,9.142080265332994e-05,0.031450748443603516
367,1,367,0.011849055723054334,0.00024358828549369304,0.050004005432128906
368,1,368,0.037468280292348936,0.001767973437770321,0.09983611106872559
369,1,369,0.009570410371525213,0.00010815330574944793,0.023304879665374756
370,1,370,0.00796563345263712,0.00011665433624045743,0.041431427001953125
371,1,371,0.034061769784195346,0.0012724357734791452,0.06299686431884766
372,1,372,0.025816362030105667,0.0009088940511009735,0.08862829208374023
373,1,373,0.005905453467508778,4.9483402207812026e-05,0.022954940795898438
374,1,374,0.019844927891390397,0.0005862788516667693,0.06901383399963379
375,1,375,0.021100043178303166,0.0005152204408174659,0.05484485626220703
376,1,376,0.010047640606062487,0.00012571952670882363,0.026314735412597656
377,1,377,0.00800598754058592,7.847356566846913e-05,0.026328086853027344
378,1,378,0.03191672111232765,0.0015852116457135892,0.12655282020568848
379,1,379,0.007150886616902426,7.672201361891248e-05,0.02670905739068985
380,1,380,0.007038278431398794,0.00010154294040960574,0.043105125427246094
381,1,381,0.01792001180280931,0.0004434509925781833,0.05499601364135742
382,1,382,0.0060989219152834265,5.2913002435101416e-05,0.022928714752197266
383,1,383,0.010494133643107488,0.00016013902965524463,0.03227129578590393
384,1,384,0.007094056480331346,0.00011930306160733437,0.05099678039550781
385,1,385,0.004942774810595438,2.9877765173380812e-05,0.012778401374816895
386,1,386,0.004917548381490633,5.5539713100646354e-05,0.025409221649169922
387,1,387,0.002264111966593191,1.4004854583461498e-05,0.012964367866516113
388,1,388,0.009835213013691828,0.0001263391405297476,0.039238929748535156
389,1,389,0.012545735292835161,0.000347843216110319,0.09204387664794922
390,1,390,0.01575312626431696,0.00042166995828890987,0.09604454040527344
391,1,391,0.013778842418687418,0.0003234682905533195,0.05278587341308594
392,1,392,0.04311052063782699,0.0022281807404230555,0.10175132751464844
393,1,393,0.01966204734216444,0.0007329273077053266,0.08795547485351562
394,1,394,0.033179057792527604,0.0012752514692197972,0.08698558807373047
395,1,395,0.03182970286090858,0.0014891856101911735,0.09885406494140625
396,1,396,0.0022719249210786073,1.5608641270874676e-05,0.017009802162647247
397,1,397,0.009523740839911626,0.0004120903813554922,0.11502742767333984
398,1,398,0.008593134463531896,0.00010547560588724908,0.038407325744628906
399,1,399,0.014297062606317922,0.00036495427706623347,0.0646820068359375
400,1,400,0.0027508491647895423,3.0322405388613593e-05,0.03174543380737305
401,1,401,0.008080512867076322,0.00010025811270471533,0.04326438903808594
402,1,402,0.01015503938565962,0.00019155894461783552,0.06471824645996094
403,1,403,0.012663721033139154,0.00019861096481996383,0.032867431640625
404,1,404,0.009190145381493493,0.00011127355122037108,0.043053627014160156
405,1,405,0.008943957374198362,0.00010230169363023212,0.03601646423339844
406,1,406,0.002591746695106849,2.689302896333292e-05,0.032557010650634766
407,1,407,0.0071876311816740784,0.0001121273025555421,0.03777790069580078
408,1,408,0.011816490999655798,0.00016682374030483113,0.029683589935302734
409,1,409,0.028450936942594127,0.0010638411223213601,0.07120347023010254
410,1,410,0.012413401537341997,0.00019776015954591476,0.03556489944458008
411,1,411,0.03391167130996473,0.0014268015631869215,0.08815479278564453
412,1,412,0.020711763962404803,0.0005588766714533967,0.06414508447051048
413,1,413,0.012993922753958031,0.0004839199394407662,0.10606002807617188
414,1,414,0.011062933482928201,0.00029244385049958816,0.08933544158935547
415,1,415,0.026921878770692274,0.0008372972567429458,0.05675220489501953
416,1,416,0.012010775656206533,0.0002410934147637862,0.05379295349121094
417,1,417,0.008487172051565722,0.00015785104824553143,0.041657447814941406
418,1,418,0.027363935694796965,0.0008074497241608808,0.04597616195678711
419,1,419,0.02506968244095333,0.001091536344969802,0.09714984893798828
420,1,420,0.0064577624860685315,7.31384531820654e-05,0.050568580627441406
421,1,421,0.02774220683495514,0.0008007141885537571,0.0489499568939209
422,1,422,0.010230006792349741,0.0001865206649485933,0.0379183292388916
423,1,423,0.007974045381648465,0.0001001467496026655,0.040413856506347656
424,1,424,0.004656727536814288,6.353862610261177e-05,0.033512115478515625
425,1,425,0.009638843693537638,0.00017829388204017367,0.047733306884765625
426,1,426,0.01745563265751116,0.0008063762184232835,0.1228780746459961
427,1,427,0.009666291817324237,0.00014336124970081477,0.034561872482299805
428,1,428,0.006268058218760416,6.290202132688691e-05,0.023169994354248047
429,1,429,0.003494414985878393,3.167179606251375e-05,0.025365829467773438
430,1,430,0.004158421903150156,4.623869921177465e-05,0.022879362106323242
431,1,431,0.010959285332588478,0.0002260774228640664,0.05495166778564453
432,1,432,0.014195920816855506,0.000261127625074517,0.04239320755004883
433,1,433,0.01233738858322613,0.00016721511443453958,0.026237130165100098
434,1,434,0.0036455531895626335,1.6939369929919984e-05,0.01055002212524414
435,1,435,0.0052765555761288855,5.471195100943182e-05,0.02847003936767578
436,1,436,0.031689958966569974,0.001380581147954588,0.1039736270904541
437,1,437,0.02458499006112106,0.0008834150149254767,0.08537101745605469
438,1,438,0.025042560443980618,0.0007702979149512956,0.06956672668457031
439,1,439,0.017873876967234536,0.00039239895501973573,0.04895591735839844
440,1,440,0.01803935954044573,0.0006479687032324584,0.12382221221923828
441,1,441,0.0040938632853794845,3.857193158145525e-05,0.02327309176325798
442,1,442,0.026396028348011896,0.0007380555378023979,0.04531222581863403
443,1,443,0.012941633605165407,0.00033382405230578626,0.06763076782226562
444,1,444,0.0023538606797810645,1.493830734914761e-05,0.02074599266052246
445,1,445,0.024619591645197943,0.0009102744627275066,0.08253192901611328
446,1,446,0.02066645221482031,0.0006143907751122085,0.07935523986816406
447,1,447,0.03100874961237423,0.001027477374828957,0.047776222229003906
448,1,448,0.004976682192878798,0.00010871150968454016,0.062039148062467575
449,1,449,0.011656173840863631,0.00015934819316743836,0.02615964412689209
450,1,450,0.023077932416694237,0.0006404451869187367,0.05245065689086914
451,1,451,0.022215995519654825,0.0006477637223011641,0.07128429412841797
452,1,452,0.0036288344950880856,3.63152777126062e-05,0.030172348022460938
453,1,453,0.008818721293704585,0.00010758882929566704,0.027839362621307373
454,1,454,0.006513797279214487,9.382754578148017e-05,0.04250812530517578
455,1,455,0.0050982682050671425,4.771457512051447e-05,0.028287887573242188
456,1,456,0.005232261858182028,3.5083310302419674e-05,0.016203805804252625
457,1,457,0.007874347104923799,0.00010740920478978347,0.03526735305786133
458,1,458,0.014087554120225831,0.00024098059594413525,0.0354766845703125
459,1,459,0.016062101043062285,0.00032919677599788197,0.04385185241699219
460,1,460,0.01815263968030922,0.00037540521737408156,0.0348052978515625
461,1,461,0.009862897314829751,0.00019014951184794649,0.05601692199707031
462,1,462,0.021020588912768288,0.0009363754046057739,0.10393714904785156
463,1,463,0.017510560215217994,0.0003636357289434216,0.03955411911010742
464,1,464,0.003913479626877233,4.862578633232978e-05,0.05177021026611328
465,1,465,0.011985862650675699,0.00017087613527049178,0.027200698852539062
466,1,466,0.024209480882389472,0.0012095245516505785,0.1554269790649414
467,1,467,0.020578061640961095,0.0009555465399311962,0.1141347885131836
468,1,468,0.003842431557131931,2.391210888924332e-05,0.02964496612548828
469,1,469,0.0033287408195901663,3.877769855548036e-05,0.032894253730773926
470,1,470,0.007864817701978609,0.0001546491143793163,0.056896209716796875
471,1,471,0.008592363209230826,0.00011378787511745902,0.026279449462890625
472,1,472,0.006220140949590131,9.098887811875886e-05,0.04058122634887695
473,1,473,0.029939748220844196,0.001058893599869084,0.055985450744628906
474,1,474,0.01728091010521166,0.00031614868525257987,0.032736778259277344
475,1,475,0.0031935397305060177,2.7019564018258313e-05,0.02444492280483246
476,1,476,0.006968882403103635,7.199419807566643e-05,0.021541595458984375
477,1,477,0.022777265175478532,0.0006837629314655824,0.06884574890136719
478,1,478,0.011723281384212896,0.0001758921330232233,0.047020912170410156
479,1,479,0.0018529628037940711,1.3555256584943527e-05,0.017412900924682617
480,1,480,0.015512629426317289,0.0003556746893029984,0.04867243766784668
481,1,481,0.024454134992556647,0.00108609628375043,0.10006797313690186
482,1,482,0.0073570226735901086,7.039664930685985e-05,0.020038306713104248
483,1,483,0.008921726792352274,0.00014067103608845445,0.05088996887207031
484,1,484,0.021188488573534413,0.0007607517785321535,0.10698795318603516
485,1,485,0.026708344004349783,0.0009807999607527162,0.07174253463745117
486,1,486,0.024554925300879403,0.0011395749772332658,0.10492324829101562
487,1,487,0.004814414224820211,3.6017593759764e-05,0.02175956964492798
488,1,488,0.008120578601257875,9.98841667535818e-05,0.030628681182861328
489,1,489,0.009653505048947408,0.0001470415422214627,0.044060707092285156
490,1,490,0.02163872358133085,0.0005863974552004012,0.05801677703857422
491,1,491,0.030624655208783224,0.001225350909929668,0.08064651489257812
492,1,492,0.022095858603017406,0.0008239172591263617,0.09640401601791382
493,1,493,0.026092063256306575,0.0008271051328151691,0.0675344467163086
494,1,494,0.017520055019063875,0.0003325517983104097,0.03425419330596924
495,1,495,0.027384016423719005,0.0008721825441689462,0.06752300262451172
496,1,496,0.007184801382245496,6.820958133034624e-05,0.020292997360229492
497,1,497,0.019011289098067208,0.000524951835773307,0.09051036834716797
498,1,498,0.009604276173515246,0.00018498198830270307,0.06513500213623047
499,1,499,0.023946821957128123,0.0007694603587992257,0.06983566284179688
500,1,500,0.001984047192847356,3.275006455664445e-05,0.04120677709579468
501,1,501,0.013717849881155417,0.00047693401674784615,0.07268810272216797
502,1,502,0.0064242754697334025,0.0001072013243076477,0.07503604888916016
503,1,503,0.008626489751739427,0.00011332041777770636,0.029383957386016846
504,2,0,0.054487000236054885,0.0073202909363989386,0.17087936401367188
505,2,1,0.0009015735180582851,2.5479286248492562e-05,0.12760448455810547
506,2,2,0.0333563245900441,0.0019488359154641681,0.07517751306295395
507,2,3,0.14639884367655032,0.021488543460210445,0.1553049087524414
508,2,4,0.002374745594104752,5.1941475774803875e-05,0.0792093276977539
509,2,5,0.11138583811442368,0.013014520135624003,0.13150501251220703
510,2,6,0.0053363878892268984,0.0002733486614745648,0.13353252410888672
511,2,7,0.03979675001068972,0.004985543476890779,0.16858196258544922
512,2,8,0.06107345482870005,0.0094203902332224,0.1958475112915039
513,2,9,0.002410667428513989,3.7307165175920766e-05,0.054703712463378906
514,2,10,0.02348794494732283,0.002463683203240943,0.16543292999267578
515,2,11,0.00576974064274691,0.0003034219310574595,0.13711261749267578
516,2,12,0.002508218734757975,7.993048484809146e-05,0.0924154780805111
517,2,13,0.0009257827491965145,1.6641709325370957e-05,0.08987236022949219
518,2,14,0.020039652177831158,0.002017063866146723,0.16506671905517578
519,2,15,0.04251771191670559,0.006036775897084922,0.1941823959350586
520,2,16,0.007699644043343142,0.00024694883254967285,0.060800667852163315
521,2,17,0.04598637767811306,0.0035465962282394815,0.09577053040266037
522,2,18,0.020822764597134665,0.001137708013517829,0.07865827530622482
523,2,19,0.0009882308633532375,1.4060694236168923e-05,0.0715169906616211
524,2,20,0.005272139414446428,0.0001228809473423179,0.0426078699529171
525,2,21,0.10169878306309693,0.012909831323119651,0.1500244140625
526,2,22,0.007130572415189817,0.0002071201432006594,0.05179006978869438
527,2,23,0.04728582115541212,0.0022445908131211137,0.054680824279785156
528,2,24,0.0013716642202343792,2.022807987281662e-05,0.06489753723144531
529,2,25,0.0035839649529661984,0.00012760224991759832,0.11155033111572266
530,2,26,0.015573353001615033,0.0014509733326328988,0.1636190414428711
531,2,27,0.007823811942478642,0.0004851250074635221,0.14966487884521484
532,2,28,0.0013395232649054379,1.8984428791864e-05,0.06085205078125
533,2,29,0.192060136661632,0.03711202366701785,0.2034749984741211
534,2,30,0.01693950473680161,0.0017179746580787932,0.17816925048828125
535,2,31,0.04076513909478672,0.0029528273733023403,0.09221174567937851
536,2,32,0.05801124536409043,0.008320528609845343,0.18258285522460938
537,2,33,0.006012566568097099,0.00034179212219740616,0.13941669464111328
538,2,34,0.09046873452584259,0.009333896429128285,0.12105083465576172
539,2,35,0.0957480949300807,0.013474649304673207,0.16856861114501953
540,2,36,0.04146286903484724,0.0057835157675576775,0.19159221649169922
541,2,37,0.052525748922722416,0.0041304592095503636,0.09466033428907394
542,2,38,0.01568233730061911,0.0014732948426752577,0.16327953338623047
543,2,39,0.028752114878734573,0.0035370858078114862,0.1841726303100586
544,2,40,0.07281552167586051,0.010426121319089663,0.19173336029052734
545,2,41,0.017097635665675626,0.001730334336186282,0.1790914535522461
546,2,42,0.11887848971853963,0.016100390960083144,0.15433406829833984
547,2,43,0.04345842363848351,0.0056689868009969484,0.17476463317871094
548,2,44,0.004971247086068616,0.0002845754939609621,0.13823413848876953
549,2,45,0.002956506201764569,5.400849184128327e-05,0.05449390411376953
550,2,46,0.02372493141074665,0.0011952696098338506,0.06920050829648972
551,2,47,0.0015414347664918751,2.485225494574164e-05,0.06619644165039062
552,2,48,0.0009074260161723942,1.8023738185660747e-05,0.09822368621826172
553,2,49,0.007130973594030365,0.0004585174241275146,0.14149188995361328
554,2,50,0.06639226891263388,0.010152731084938036,0.19130420684814453
555,2,51,0.0011911486552562565,1.6241707031944553e-05,0.06313133239746094
556,2,52,0.05524388763657771,0.007845937472855613,0.18511486053466797
557,2,53,0.0011016064600553363,1.397585350441577e-05,0.06321239471435547
558,2,54,0.004523780079325661,0.00020661436536410826,0.12233448028564453
559,2,55,0.02860547296865843,0.0033410083009596655,0.17537975311279297
560,2,56,0.031605811433633786,0.00396531360334686,0.18302059173583984
561,2,57,0.1376837994537782,0.019439844422885013,0.15413856506347656
562,2,58,0.044534951034700496,0.006148358296151096,0.18907833099365234
563,2,59,0.022532828665571287,0.001101359296418866,0.06813976913690567
564,2,60,0.015041845949133858,0.001354874643745216,0.16353607177734375
565,2,61,0.038917481801705435,0.0023175470560886967,0.07371767610311508
566,2,62,0.0016284658031072467,2.498607266544863e-05,0.06536483764648438
567,2,63,0.0025881761924829334,4.9580589844911456e-05,0.06775951385498047
568,2,64,0.006052372621139512,0.0003093722293710335,0.140899658203125
569,2,65,0.009913969808956608,0.0007295724178190777,0.1514749526977539
570,2,66,0.02954846649779938,0.0036290858866423765,0.18265914916992188
571,2,67,0.00125679419352673,2.9118161703393132e-05,0.09802722930908203
572,2,68,0.046711867252131924,0.006125983824132274,0.17183589935302734
573,2,69,0.016245123291155322,0.001610168443733958,0.16963863372802734
574,2,70,0.0035040174366440624,0.00012753467693925075,0.1280527114868164
575,2,71,0.010556541273137555,0.0008306796323477139,0.15362834930419922
576,2,72,0.01689298667688854,0.0007633009564009886,0.06607161089777946
577,2,73,0.005195243822177872,0.00023385298814122683,0.12509441375732422
578,2,74,0.01729340030415915,0.0015497719905575784,0.15735149383544922
579,2,75,0.03799189286096953,0.0049413723579350005,0.18300151824951172
580,2,76,0.02777700398792513,0.0016750387984869807,0.0821160301566124
581,2,77,0.03128311155666597,0.0019217587148505036,0.08126818388700485
582,2,78,0.15511939103971237,0.024148744251791875,0.1647653579711914
583,2,79,0.04249102648510598,0.004981029424182284,0.15285015106201172
584,2,80,0.0011618897111620753,1.656685820881153e-05,0.0669546127319336
585,2,81,0.060636079201241956,0.007543898532508287,0.15383052825927734
586,2,82,0.009627495404100045,0.0003706047099852067,0.08998298645019531
587,2,83,0.0033510445894207805,0.00011378456298708617,0.1137704849243164
588,2,84,0.004862004080554471,0.0002223231232397634,0.13560867309570312
589,2,85,0.035379745855228975,0.0022065137147823503,0.08041689544916153
590,2,86,0.09090345538570546,0.013711884514460301,0.1831674575805664
591,2,87,0.03841426244308241,0.0025490177443853977,0.08441033214330673
592,2,88,0.003838812405010685,0.00017381651561315363,0.12842273712158203
593,2,89,0.026850499236723408,0.0031236876352977935,0.18001079559326172
594,2,90,0.0012240697832312435,1.767676576032782e-05,0.06625938415527344
595,2,91,0.08376454722951167,0.00895313880572973,0.13621997833251953
596,2,92,0.0011216651739086956,1.5291579320513422e-05,0.06460857391357422
597,2,93,0.005337992066284642,0.0002816806659938534,0.13828468322753906
598,2,94,0.026213629031321035,0.003021264578185991,0.1753711700439453
599,2,95,0.001135685780784115,1.617870263117327e-05,0.06623363494873047
600,2,96,0.01742616907437332,0.0007983128786678754,0.06708243116736412
601,2,97,0.00414108988805674,0.00021293023693021263,0.13886737823486328
602,2,98,0.07112406933470629,0.011026623339369636,0.19252681732177734
603,2,99,0.11804500038619153,0.017872818461621448,0.17720699310302734
604,2,100,0.001327926398953423,2.0083991548344005e-05,0.0639047622680664
605,2,101,0.0025904187278356404,3.961290521767949e-05,0.04803657531738281
606,2,102,0.008533140452345832,0.0005837142403348995,0.14526748657226562
607,2,103,0.00951163232489489,0.0006489339234926557,0.1482229232788086
608,2,104,0.0022163975255098194,4.463323763150706e-05,0.07192325592041016
609,2,105,0.05578658597241156,0.003283022963821525,0.06855297088623047
610,2,106,0.06496199855371379,0.008393609321861107,0.16154956817626953
611,2,107,0.03146567411650904,0.001981672637229818,0.08415425568819046
612,2,108,0.033589589880546555,0.00407180932478024,0.17476177215576172
613,2,109,0.009286235781153665,0.0006888306606567654,0.1517810821533203
614,2,110,0.17560480599175207,0.032027654294070895,0.19851112365722656
615,2,111,0.01894992202450521,0.0008022653840296074,0.06039610132575035
616,2,112,0.2259944167144131,0.05114085060683849,0.23459625244140625
617,2,113,0.003616563426097855,0.00014477961441468034,0.12285995483398438
618,2,114,0.006739224286517128,0.000360843894627823,0.13199901580810547
619,2,115,0.07549965143180452,0.010447896675244393,0.17071819305419922
620,2,116,0.01231811437685974,0.0004910871735214533,0.06400351971387863
621,2,117,0.011850400707917288,0.0003663995218837639,0.047716088593006134
622,2,118,0.12314229454169981,0.017005578001575344,0.16004467010498047
623,2,119,0.14365761111746542,0.020742355873984344,0.15444278717041016
624,2,120,0.10857993502984754,0.011800822464279869,0.11539936065673828
625,2,121,0.027871510467724875,0.001570264393752414,0.07625012844800949
626,2,122,0.04748304311861284,0.003656606868866377,0.09476906806230545
627,2,123,0.015812014737864956,0.0013635040458796577,0.1484518051147461
628,2,124,0.0011801518888678402,1.621915293917312e-05,0.06382369995117188
629,2,125,0.001225706407567486,1.6713738712412588e-05,0.062453269958496094
630,2,126,0.017606329167028888,0.0018408855645703716,0.1822519302368164
