-0.47058868408203125000000000000000000,
-0.23146224021911621093750000000000000,
-0.02112594805657863616943359375000000,
0.03597545996308326721191406250000000,
-0.71463370323181152343750000000000000,
-0.66107869148254394531250000000000000,
-0.15389423072338104248046875000000000,
0.08962430059909820556640625000000000,
-0.26067256927490234375000000000000000,
-0.33539515733718872070312500000000000,
0.07689923048019409179687500000000000,
0.11655693501234054565429687500000000,
0.31600296497344970703125000000000000,
0.03962426260113716125488281250000000,
0.12432585656642913818359375000000000,
0.05862801894545555114746093750000000,
-0.23768682777881622314453125000000000,
-0.17710876464843750000000000000000000,
0.25746214389801025390625000000000000,
-0.05053995177149772644042968750000000,
-0.34900873899459838867187500000000000,
0.04185631498694419860839843750000000,
0.28650420904159545898437500000000000,
-0.02819293551146984100341796875000000,
-0.32635217905044555664062500000000000,
0.14656127989292144775390625000000000,
0.16705572605133056640625000000000000,
0.02058227546513080596923828125000000,
-0.04502224177122116088867187500000000,
-0.21889105439186096191406250000000000,
0.15229761600494384765625000000000000,
-0.10400214791297912597656250000000000,
0.02634422853589057922363281250000000,
0.21403808891773223876953125000000000,
0.19196715950965881347656250000000000,
-0.10176783055067062377929687500000000,
0.21409615874290466308593750000000000,
0.12384835630655288696289062500000000,
0.09415167570114135742187500000000000,
0.00408023083582520484924316406250000,
0.18585030734539031982421875000000000,
-0.23918594419956207275390625000000000,
0.10945274680852890014648437500000000,
0.08279494196176528930664062500000000,
-0.08984636515378952026367187500000000,
-0.09786080569028854370117187500000000,
-0.04997525736689567565917968750000000,
0.03708392009139060974121093750000000,
0.21718765795230865478515625000000000,
0.21015498042106628417968750000000000,
0.31607922911643981933593750000000000,
-0.04952415451407432556152343750000000,
0.10338492691516876220703125000000000,
-0.00771920150145888328552246093750000,
0.33473622798919677734375000000000000,
0.03060562536120414733886718750000000,
-0.10091453045606613159179687500000000,
0.12497804313898086547851562500000000,
-0.01237120572477579116821289062500000,
-0.02095814608037471771240234375000000,
0.18985210359096527099609375000000000,
-0.35082137584686279296875000000000000,
0.24517278373241424560546875000000000,
-0.32506358623504638671875000000000000,
-0.25046792626380920410156250000000000,
-0.19653663039207458496093750000000000,
0.01288579776883125305175781250000000,
0.19747495651245117187500000000000000,
-0.13447910547256469726562500000000000,
0.22148668766021728515625000000000000,
-0.32016932964324951171875000000000000,
0.09992814809083938598632812500000000,
-0.00141668494325131177902221679687500,
0.06841687113046646118164062500000000,
-0.20132456719875335693359375000000000,
-0.22247701883316040039062500000000000,
-0.19468837976455688476562500000000000,
-0.26183211803436279296875000000000000,
-0.05413448438048362731933593750000000,
-0.32557535171508789062500000000000000,
-0.24810522794723510742187500000000000,
0.33206543326377868652343750000000000,
-0.34193155169486999511718750000000000,
0.04811039566993713378906250000000000,
0.21004398167133331298828125000000000,
-0.21521434187889099121093750000000000,
-0.31231406331062316894531250000000000,
0.03693426027894020080566406250000000,
-0.68821066617965698242187500000000000,
-0.67384368181228637695312500000000000,
-0.02777570486068725585937500000000000,
0.02341646514832973480224609375000000,
-0.56746351718902587890625000000000000,
-0.58197122812271118164062500000000000,
-0.05796585604548454284667968750000000,
0.03906077891588211059570312500000000,
-0.56692081689834594726562500000000000,
-0.21936108171939849853515625000000000,
-0.05144256725907325744628906250000000,
-0.03817149996757507324218750000000000,
-0.67896068096160888671875000000000000,
-0.82628959417343139648437500000000000,
-0.10852478444576263427734375000000000,
-0.10873690992593765258789062500000000,
0.32899934053421020507812500000000000,
0.25697937607765197753906250000000000,
0.19268196821212768554687500000000000,
-0.07110511511564254760742187500000000,
-0.15895771980285644531250000000000000,
0.04489903151988983154296875000000000,
-0.07750988006591796875000000000000000,
-0.04802204668521881103515625000000000,
-0.39160868525505065917968750000000000,
0.14841443300247192382812500000000000,
0.01045248843729496002197265625000000,
0.19510795176029205322265625000000000,
0.21557450294494628906250000000000000,
-0.42304620146751403808593750000000000,
0.20806661248207092285156250000000000,
-0.29834184050559997558593750000000000,
0.28516459465026855468750000000000000,
-0.13784188032150268554687500000000000,
-0.00045807636342942714691162109375000,
-0.29547888040542602539062500000000000,
-0.03790022060275077819824218750000000,
-0.15815313160419464111328125000000000,
0.17238689959049224853515625000000000,
0.16116762161254882812500000000000000,
-0.33919039368629455566406250000000000,
0.10582934319972991943359375000000000,
0.32172235846519470214843750000000000,
-0.24929362535476684570312500000000000,
0.18839129805564880371093750000000000,
0.27694210410118103027343750000000000,
0.16453756392002105712890625000000000,
0.07359219342470169067382812500000000,
0.26594302058219909667968750000000000,
0.23142053186893463134765625000000000,
0.02933613583445549011230468750000000,
0.02026341482996940612792968750000000,
0.06631849706172943115234375000000000,
0.06528674066066741943359375000000000,
-0.31819975376129150390625000000000000,
0.21988633275032043457031250000000000,
0.01121586654335260391235351562500000,
0.05099530890583992004394531250000000,
-0.10760234296321868896484375000000000,
-0.08008818328380584716796875000000000,
0.31397438049316406250000000000000000,
0.03249704837799072265625000000000000,
0.15112365782260894775390625000000000,
-0.33032587170600891113281250000000000,
-0.01379232387989759445190429687500000,
0.26233789324760437011718750000000000,
0.28115716576576232910156250000000000,
-0.08198943734169006347656250000000000,
-0.29777127504348754882812500000000000,
-0.31636258959770202636718750000000000,
0.06133857741951942443847656250000000,
0.09740115702152252197265625000000000,
-0.01043130084872245788574218750000000,
0.31673541665077209472656250000000000,
-0.18420265614986419677734375000000000,
0.00946705229580402374267578125000000,
-0.23627574741840362548828125000000000,
-0.32869991660118103027343750000000000,
0.02529533021152019500732421875000000,
-0.12174902111291885375976562500000000,
-0.18182188272476196289062500000000000,
-0.24377664923667907714843750000000000,
-0.02627168409526348114013671875000000,
0.30337664484977722167968750000000000,
0.14047582447528839111328125000000000,
-0.22770109772682189941406250000000000,
0.06452149897813796997070312500000000,
0.21768438816070556640625000000000000,
-0.00150691100861877202987670898437500,
-0.14886471629142761230468750000000000,
-0.02643278427422046661376953125000000,
0.23440261185169219970703125000000000,
0.06442186236381530761718750000000000,
-0.13211166858673095703125000000000000,
-0.08340585976839065551757812500000000,
-0.21807830035686492919921875000000000,
0.23023566603660583496093750000000000,
-0.17201448976993560791015625000000000,
0.02241583913564682006835937500000000,
-0.12620611488819122314453125000000000,
0.11878696829080581665039062500000000,
0.31980830430984497070312500000000000,
0.02525905705988407135009765625000000,
0.09634162485599517822265625000000000,
-0.66594928503036499023437500000000000,
-0.03199615702033042907714843750000000,
0.14353264868259429931640625000000000,
-0.04273856803774833679199218750000000,
-0.22242937982082366943359375000000000,
-0.49158498644828796386718750000000000,
0.30541726946830749511718750000000000,
-0.12725515663623809814453125000000000,
-0.10750631242990493774414062500000000,
-0.39441153407096862792968750000000000,
0.05586501583456993103027343750000000,
0.11794397979974746704101562500000000,
0.07622885704040527343750000000000000,
-0.32000514864921569824218750000000000,
-0.07212112843990325927734375000000000,
0.10890429466962814331054687500000000,
0.20603822171688079833984375000000000,
-0.13131000101566314697265625000000000,
-0.27241161465644836425781250000000000,
0.02213149145245552062988281250000000,
-0.02458852156996726989746093750000000,
-0.23150689899921417236328125000000000,
-0.36959573626518249511718750000000000,
-0.16190932691097259521484375000000000,
-0.19904202222824096679687500000000000,
0.16271288692951202392578125000000000,
-0.06386352330446243286132812500000000,
-0.02675469219684600830078125000000000,
-0.41651749610900878906250000000000000,
-0.19657610356807708740234375000000000,
-0.20370493829250335693359375000000000,
0.21183492243289947509765625000000000,
0.32903540134429931640625000000000000,
0.18332821130752563476562500000000000,
-0.04211740940809249877929687500000000,
-0.00626649893820285797119140625000000,
0.30747500061988830566406250000000000,
0.31017443537712097167968750000000000,
0.01417093910276889801025390625000000,
0.33208060264587402343750000000000000,
-0.28705310821533203125000000000000000,
-0.37015324831008911132812500000000000,
-0.26387915015220642089843750000000000,
-0.16369202733039855957031250000000000,
-0.26065114140510559082031250000000000,
0.28241017460823059082031250000000000,
-0.21585336327552795410156250000000000,
0.14173349738121032714843750000000000,
-0.00666823517531156539916992187500000,
0.22707150876522064208984375000000000,
0.02427084930241107940673828125000000,
-0.13495992124080657958984375000000000,
0.11415429413318634033203125000000000,
-0.26061022281646728515625000000000000,
-0.06504637002944946289062500000000000,
0.22141018509864807128906250000000000,
-0.44807738065719604492187500000000000,
-0.35615128278732299804687500000000000,
-0.20120041072368621826171875000000000,
0.09811499714851379394531250000000000,
0.20065696537494659423828125000000000,
-0.04730696231126785278320312500000000,
-0.36667242646217346191406250000000000,
0.28638413548469543457031250000000000,
-0.85875231027603149414062500000000000,
-0.39849561452865600585937500000000000,
0.18855021893978118896484375000000000,
-0.06828451901674270629882812500000000,
-0.57978761196136474609375000000000000,
-0.44496098160743713378906250000000000,
0.35873827338218688964843750000000000,
-0.16038274765014648437500000000000000,
-0.36554139852523803710937500000000000,
0.31442901492118835449218750000000000,
-0.03948882594704627990722656250000000,
-0.32060796022415161132812500000000000,
0.33126100897789001464843750000000000,
-0.12042813748121261596679687500000000,
0.25561794638633728027343750000000000,
-0.31746283173561096191406250000000000,
0.08153306692838668823242187500000000,
-0.08396238833665847778320312500000000,
0.20574961602687835693359375000000000,
0.22624617815017700195312500000000000,
-0.06608272343873977661132812500000000,
-0.35939168930053710937500000000000000,
-0.13555933535099029541015625000000000,
-0.14731551706790924072265625000000000,
-0.06604363024234771728515625000000000,
-0.30345708131790161132812500000000000,
-0.31020805239677429199218750000000000,
0.25613266229629516601562500000000000,
0.20449583232402801513671875000000000,
-0.20846495032310485839843750000000000,
-0.09883231669664382934570312500000000,
-0.12191634625196456909179687500000000,
0.28543856739997863769531250000000000,
0.13368014991283416748046875000000000,
-0.14247722923755645751953125000000000,
0.05450652539730072021484375000000000,
-0.35325521230697631835937500000000000,
-0.31388047337532043457031250000000000,
-0.03236854448914527893066406250000000,
0.08360166102647781372070312500000000,
0.10125122964382171630859375000000000,
-0.08348837494850158691406250000000000,
-0.23232455551624298095703125000000000,
0.05955341830849647521972656250000000,
-0.17950066924095153808593750000000000,
-0.34377503395080566406250000000000000,
-0.20827007293701171875000000000000000,
-0.26994383335113525390625000000000000,
-0.90920573472976684570312500000000000,
-0.81404280662536621093750000000000000,
-0.15279196202754974365234375000000000,
0.01663643866777420043945312500000000,
-0.65118354558944702148437500000000000,
-0.80277371406555175781250000000000000,
-0.31071293354034423828125000000000000,
0.04374568164348602294921875000000000,
-0.04901806265115737915039062500000000,
0.15087963640689849853515625000000000,
0.07605423033237457275390625000000000,
-0.22291056811809539794921875000000000,
-0.11473126709461212158203125000000000,
-0.34987601637840270996093750000000000,
-0.23403233289718627929687500000000000,
0.13241758942604064941406250000000000,
-0.07772793620824813842773437500000000,
-0.14722332358360290527343750000000000,
-0.13173805177211761474609375000000000,
0.05303011089563369750976562500000000,
-0.00398569414392113685607910156250000,
-0.14692020416259765625000000000000000,
-0.06925135105848312377929687500000000,
-0.31704819202423095703125000000000000,
-0.31903323531150817871093750000000000,
0.01935776881873607635498046875000000,
-0.20861461758613586425781250000000000,
0.08121889829635620117187500000000000,
0.12852443754673004150390625000000000,
-0.14956055581569671630859375000000000,
0.13047213852405548095703125000000000,
-0.02494322881102561950683593750000000,
-0.02081896364688873291015625000000000,
0.07308966666460037231445312500000000,
0.29392325878143310546875000000000000,
-0.10410948842763900756835937500000000,
0.02710507251322269439697265625000000,
-0.30213743448257446289062500000000000,
-0.00975672341883182525634765625000000,
0.03702668845653533935546875000000000,
-0.06517425924539566040039062500000000,
0.27830201387405395507812500000000000,
0.08610663563013076782226562500000000,
0.27347776293754577636718750000000000,
0.31931897997856140136718750000000000,
-0.13289310038089752197265625000000000,
0.30884367227554321289062500000000000,
-0.04175950959324836730957031250000000,
-0.23042993247509002685546875000000000,
0.12065202742815017700195312500000000,
0.26816493272781372070312500000000000,
0.22720056772232055664062500000000000,
0.05614244937896728515625000000000000,
-0.01969993114471435546875000000000000,
0.00113998085726052522659301757812500,
0.29709583520889282226562500000000000,
-0.32429391145706176757812500000000000,
-0.10747896134853363037109375000000000,
0.31653651595115661621093750000000000,
-0.04770368337631225585937500000000000,
0.07590330392122268676757812500000000,
-0.01730130985379219055175781250000000,
-0.06195449829101562500000000000000000,
-0.14953780174255371093750000000000000,
-0.06348256021738052368164062500000000,
-0.13477283716201782226562500000000000,
0.20913274586200714111328125000000000,
0.28027683496475219726562500000000000,
-0.14631417393684387207031250000000000,
-0.15592449903488159179687500000000000,
-0.03435558825731277465820312500000000,
0.03692563250660896301269531250000000,
-0.32253333926200866699218750000000000,
0.02758077718317508697509765625000000,
-0.09339830279350280761718750000000000,
0.16970923542976379394531250000000000,
-0.32345017790794372558593750000000000,
-0.23401050269603729248046875000000000,
-0.27892592549324035644531250000000000,
0.23781776428222656250000000000000000,
-0.30750367045402526855468750000000000,
-0.04949686676263809204101562500000000,
-0.01942075416445732116699218750000000,
-0.04457267001271247863769531250000000,
-0.74338543415069580078125000000000000,
-0.39597463607788085937500000000000000,
-0.06984885782003402709960937500000000,
-0.09245663136243820190429687500000000,
-0.00046699860831722617149353027343750,
-0.05740700289607048034667968750000000,
-0.10239324718713760375976562500000000,
0.11753690987825393676757812500000000,
-0.07621476054191589355468750000000000,
0.04375941678881645202636718750000000,
0.30019155144691467285156250000000000,
0.01104231551289558410644531250000000,
