0.10443046689033508300781250000000000,
-0.06803251802921295166015625000000000,
0.27280846238136291503906250000000000,
0.16204160451889038085937500000000000,
0.23800304532051086425781250000000000,
0.29208335280418395996093750000000000,
-0.02460780739784240722656250000000000,
-0.06893001496791839599609375000000000,
-0.27695140242576599121093750000000000,
0.00374847650527954101562500000000000,
0.00884315371513366699218750000000000,
-0.04078319668769836425781250000000000,
-0.02390030026435852050781250000000000,
-0.18133673071861267089843750000000000,
0.00750997662544250488281250000000000,
0.30323824286460876464843750000000000,
0.27396449446678161621093750000000000,
-0.15301188826560974121093750000000000,
0.19865766167640686035156250000000000,
-0.14242389798164367675781250000000000,
-0.11678799986839294433593750000000000,
-0.29007247090339660644531250000000000,
-0.13699473440647125244140625000000000,
-0.03616809844970703125000000000000000,
-0.05620390176773071289062500000000000,
0.16636902093887329101562500000000000,
-0.06974409520626068115234375000000000,
0.22614875435829162597656250000000000,
-0.01038911938667297363281250000000000,
-0.17844244837760925292968750000000000,
